session_id,participant_id,condition,task_type,nback_enabled,plan_id,event_name,event_position,emit_trial_number,response_source,expected_response,cue_onset_ms,next_cue_onset_ms,response_onset_ms,response_rt_ms,first_response_onset_ms,first_response_rt_ms,correct_response_onset_ms,correct_response_rt_ms,first_response,first_response_correct,was_corrected,correction_time_ms,eventual_correct,response_sequence_complete,response_end_ms,full_cycle_ms,response_quality,response_quality_reason,cycle_quality,cycle_quality_reason,trial_quality,quality_reason,detector_version,first_wrist_direction,correct_wrist_direction,neutral_return_ms,neutral_return_completion_ms,lr_score_at_onset,ud_score_at_onset,old_lr_class_at_onset,old_ud_class_at_onset,offline_lr_class_at_onset,offline_ud_class_at_onset,online_gate_passed,old_lr_neutral_lower,old_lr_neutral_upper,old_lr_zero_in_neutral_region,old_ud_neutral_lower,old_ud_neutral_upper,old_ud_zero_in_neutral_region,offline_neutral_centered_gate_passed,lr_neutral_centered_sanity_passed,ud_neutral_centered_sanity_passed,pre_existing_response_at_cue,pinch_reference_quality_passed,pinch_reference_quality_reason,contact_reference_available,pre_cue_pinch_state,post_cue_target_state,baseline_pinch_distance,distance_to_open,distance_to_contact,distance_to_pinch,baseline_reference_position,entered_open_reference,entered_contact_reference,entered_pinch_reference,open_reference_onset_ms,contact_reference_onset_ms,pinch_reference_onset_ms,baseline_closure,baseline_closure_mad,baseline_stability,pinch_onset_ms,pinch_rt_ms,pinch_detected,peak_closure,peak_closure_delta,peak_time_ms,release_onset_ms,release_completion_ms,release_drop,release_detected,return_to_precue_baseline_ms,return_to_precue_baseline_completion_ms,returned_to_precue_baseline
12324076_exp2_001_01_motor_single_plan1_20260819_213717,12324076,motor-only,single,False,only-motor-0,contact,1,,pinch,open_to_contact,8589015.0,8600734.0,8590031.0,1016.0,8590031.0,1016.0,8590031.0,1016.0,closing,True,False,,True,True,8590734.0,1719.0,clean,,complete,,clean,,pilot_v0.3,,,,,,,,,,,,,,,,,,,,,,True,,True,open,contact,0.06536464195272076,0.008522558840109384,0.022127083418501926,0.03186175952523114,0.27806389282455296,False,True,,,8590578.0,,,,3.0251253845196835e-05,,,,,,,,,,,,,
12324076_exp2_001_01_motor_single_plan1_20260819_213717,12324076,motor-only,single,False,only-motor-0,slip,2,,pinch,pinch_then_release,8600734.0,8612500.0,8603562.0,2828.0,8603562.0,2828.0,8603562.0,2828.0,pinch,True,False,,True,True,8604265.0,3531.0,clean,,complete,,clean,,pilot_v0.3,,,,,,,,,,,,,,,,,,,,,,True,,True,contact,contact,0.05538894544462117,0.01849825534820898,0.01215138691040233,0.021886063017131543,0.6035390296606714,,True,,,8604109.0,8603562.0,0.459860808434859,7.117086077365609e-05,7.117086077365609e-05,8603562.0,2828.0,True,0.6841315813334208,0.2242707728985618,8604109.0,8604390.0,8604546.0,0.18659264415316906,True,8604562.0,8604718.0,True
12324076_exp2_001_01_motor_single_plan1_20260819_213717,12324076,motor-only,single,False,only-motor-0,left,3,,wrist,left,8612500.0,8623500.0,,,8614937.0,2437.0,,,right,False,False,,False,,,,contaminated,no_correct_wrist_action_before_next_cue,not_applicable,no_correct_wrist_action_before_next_cue,contaminated,no_correct_wrist_action_before_next_cue,pilot_v0.3,right,,,,0.053694297207586006,0.013630290779022027,neutral,neutral,neutral,neutral,True,-0.20709675542865416,0.20933457914161616,True,-0.28236554983923107,0.06962325758877752,True,True,True,True,,,,,,,,,,,,,,,,,,,,,,,,,,,,,,,,,
12324076_exp2_001_01_motor_single_plan1_20260819_213717,12324076,motor-only,single,False,only-motor-0,right,4,,wrist,right,8623500.0,8636265.0,8625437.0,1937.0,8625437.0,1937.0,8625437.0,1937.0,right,True,False,,True,,8626437.0,2937.0,clean,,complete,,clean,,pilot_v0.3,right,right,8626281.0,8626437.0,0.0176658478983942,-0.07687118079927974,neutral,neutral,neutral,neutral,True,-0.20709675542865416,0.20933457914161616,True,-0.28236554983923107,0.06962325758877752,True,True,True,True,,,,,,,,,,,,,,,,,,,,,,,,,,,,,,,,,
12324076_exp2_001_01_motor_single_plan1_20260819_213717,12324076,motor-only,single,False,only-motor-0,up,5,,wrist,up,8636265.0,8646578.0,,,8638140.0,1875.0,,,down,False,False,,False,,,,contaminated,no_correct_wrist_action_before_next_cue,not_applicable,no_correct_wrist_action_before_next_cue,contaminated,no_correct_wrist_action_before_next_cue,pilot_v0.3,down,,,,0.0931540339570375,-0.13081646233108404,neutral,neutral,neutral,neutral,True,-0.20709675542865416,0.20933457914161616,True,-0.28236554983923107,0.06962325758877752,True,True,True,True,,,,,,,,,,,,,,,,,,,,,,,,,,,,,,,,,
12324076_exp2_001_01_motor_single_plan1_20260819_213717,12324076,motor-only,single,False,only-motor-0,down,6,,wrist,down,8646578.0,8662875.0,8647843.0,1265.0,8647843.0,1265.0,8647843.0,1265.0,down,True,False,,True,,8648812.0,2234.0,clean,,complete,,clean,,pilot_v0.3,down,down,8648656.0,8648812.0,0.05948448119813142,-0.164053153997449,neutral,neutral,neutral,neutral,True,-0.20709675542865416,0.20933457914161616,True,-0.28236554983923107,0.06962325758877752,True,True,True,True,,,,,,,,,,,,,,,,,,,,,,,,,,,,,,,,,
12324076_exp2_001_01_motor_single_plan1_20260819_213717,12324076,motor-only,single,False,only-motor-0,release,7,,pinch,contact_to_open,8662875.0,,8664140.0,1265.0,8664140.0,1265.0,8664140.0,1265.0,opening,True,False,,True,True,8664453.0,1578.0,clean,,complete,,clean,,pilot_v0.3,,,,,,,,,,,,,,,,,,,,,,True,,True,contact,open,0.049893419055021676,0.023993781737808473,0.006655860520802838,0.01639053662753205,0.782840515245074,True,False,,8664296.0,,,,,3.091365177829153e-06,,,,,,,,,,,,,
12324076_exp2_001_02_motor_dual_plan1_20260819_214754,12324076,motor-only,dual,True,only-motor-1,contact,1,1,pinch,open_to_contact,9149093.0,9161343.0,9149937.0,844.0,9149937.0,844.0,9149937.0,844.0,closing,True,False,,True,True,9150343.0,1250.0,clean,,complete,,clean,,pilot_v0.3,,,,,,,,,,,,,,,,,,,,,,True,,True,open,contact,0.12311787123728218,0.020156119370673353,0.06656374689622857,0.11256986232914407,0.23242793420181126,False,True,,,9150187.0,,,,6.429737207498676e-05,,,,,,,,,,,,,
12324076_exp2_001_02_motor_dual_plan1_20260819_214754,12324076,motor-only,dual,True,only-motor-1,slip,2,7,pinch,pinch_then_release,9161343.0,9174406.0,9163453.0,2110.0,9163453.0,2110.0,9163453.0,2110.0,pinch,True,False,,True,True,9164156.0,2813.0,clean,,complete,,clean,,pilot_v0.3,,,,,,,,,,,,,,,,,,,,,,True,,True,contact,contact,0.06486180247803086,0.07841218812992468,0.008307678136977255,0.05431379356989274,0.9042009807601835,,True,,,9163984.0,9163453.0,0.5939762347667434,3.916977682816292e-05,3.916977682816292e-05,9163453.0,2110.0,True,0.7818847264264449,0.18790849165970147,9163984.0,9164468.0,9164625.0,0.15738307624336978,True,9164640.0,9164796.0,True
12324076_exp2_001_02_motor_dual_plan1_20260819_214754,12324076,motor-only,dual,True,only-motor-1,up,3,13,wrist,up,9174406.0,9189281.0,,,9177203.0,2797.0,,,down,False,False,,False,,,,contaminated,no_correct_wrist_action_before_next_cue,not_applicable,no_correct_wrist_action_before_next_cue,contaminated,no_correct_wrist_action_before_next_cue,pilot_v0.3,down,,,,0.0513866692165721,0.05777476386140416,neutral,neutral,neutral,neutral,True,-0.27727555582072416,0.17015192061001527,True,-0.25721032456612414,0.07395924254792877,True,True,True,True,,,,,,,,,,,,,,,,,,,,,,,,,,,,,,,,,
12324076_exp2_001_02_motor_dual_plan1_20260819_214754,12324076,motor-only,dual,True,only-motor-1,right,4,20,wrist,right,9189281.0,9204906.0,9191687.0,2406.0,9191687.0,2406.0,9191687.0,2406.0,right,True,False,,True,,9192578.0,3297.0,clean,,complete,,clean,,pilot_v0.3,right,right,9192421.0,9192578.0,0.09563497287011888,-0.11931346114597825,neutral,neutral,neutral,neutral,True,-0.27727555582072416,0.17015192061001527,True,-0.25721032456612414,0.07395924254792877,True,True,True,True,,,,,,,,,,,,,,,,,,,,,,,,,,,,,,,,,
12324076_exp2_001_02_motor_dual_plan1_20260819_214754,12324076,motor-only,dual,True,only-motor-1,left,5,27,wrist,left,9204906.0,9221265.0,9207546.0,2640.0,9207546.0,2640.0,9207546.0,2640.0,left,True,False,,True,,9208218.0,3312.0,clean,,complete,,clean,,pilot_v0.3,left,left,9208062.0,9208218.0,0.08136773191998314,-0.0703959694031524,neutral,neutral,neutral,neutral,True,-0.27727555582072416,0.17015192061001527,True,-0.25721032456612414,0.07395924254792877,True,True,True,True,,,,,,,,,,,,,,,,,,,,,,,,,,,,,,,,,
12324076_exp2_001_02_motor_dual_plan1_20260819_214754,12324076,motor-only,dual,True,only-motor-1,left,6,34,wrist,left,9221265.0,9234937.0,,,9224203.0,2938.0,,,right,False,False,,False,,,,contaminated,no_correct_wrist_action_before_next_cue,not_applicable,no_correct_wrist_action_before_next_cue,contaminated,no_correct_wrist_action_before_next_cue,pilot_v0.3,right,,,,-0.08447443081319386,-0.12106641283111455,neutral,neutral,neutral,neutral,True,-0.27727555582072416,0.17015192061001527,True,-0.25721032456612414,0.07395924254792877,True,True,True,True,,,,,,,,,,,,,,,,,,,,,,,,,,,,,,,,,
12324076_exp2_001_02_motor_dual_plan1_20260819_214754,12324076,motor-only,dual,True,only-motor-1,release,7,40,pinch,contact_to_open,9234937.0,,9237781.0,2844.0,9237328.0,2391.0,9237781.0,2844.0,closing,False,True,2844.0,True,True,9238375.0,3438.0,clean,,complete,,clean,,pilot_v0.3,,,,,,,,,,,,,,,,,,,,,,True,,True,contact,open,0.05796531879481766,0.08530867181313788,0.0014111944537640517,0.04741730988667954,0.9837269761300053,True,False,,9238218.0,,,,,1.6129003299624606e-05,,,,,,,,,,,,,
12324076_exp2_001_03_motor_dual_plan2_20260819_215120,12324076,motor-only,dual,True,only-motor-2,contact,1,1,pinch,open_to_contact,9356531.0,9367500.0,9357375.0,844.0,9357375.0,844.0,9357375.0,844.0,closing,True,False,,True,True,9357687.0,1156.0,clean,,complete,,clean,,pilot_v0.3,,,,,,,,,,,,,,,,,,,,,,True,,True,open,contact,0.12290609159049362,0.021484736958275352,0.06103249458821808,0.0888898410475546,0.26036667197408353,False,True,,,9357531.0,,,,8.400092990128172e-06,,,,,,,,,,,,,
12324076_exp2_001_03_motor_dual_plan2_20260819_215120,12324076,motor-only,dual,True,only-motor-2,down,2,6,wrist,down,9367500.0,9382218.0,,,,,,,,,False,,,,,,contaminated,no_stable_wrist_action_before_next_cue,not_applicable,no_correct_wrist_action_before_next_cue,contaminated,no_stable_wrist_action_before_next_cue,pilot_v0.3,,,,,0.06634612517778563,-0.07153516472715801,neutral,neutral,neutral,neutral,True,-0.3089268507469425,0.09483136971897818,True,-0.2637845331975993,0.04659705893891228,True,True,True,True,,,,,,,,,,,,,,,,,,,,,,,,,,,,,,,,,
12324076_exp2_001_03_motor_dual_plan2_20260819_215120,12324076,motor-only,dual,True,only-motor-2,right,3,13,wrist,right,9382218.0,9397609.0,9384421.0,2203.0,9384421.0,2203.0,9384421.0,2203.0,right,True,False,,True,,9385234.0,3016.0,clean,,complete,,clean,,pilot_v0.3,right,right,9385078.0,9385234.0,0.06553543000857852,-0.0826621903315746,neutral,neutral,neutral,neutral,True,-0.3089268507469425,0.09483136971897818,True,-0.2637845331975993,0.04659705893891228,True,True,True,True,,,,,,,,,,,,,,,,,,,,,,,,,,,,,,,,,
12324076_exp2_001_03_motor_dual_plan2_20260819_215120,12324076,motor-only,dual,True,only-motor-2,left,4,20,wrist,left,9397609.0,9412984.0,9399656.0,2047.0,9399656.0,2047.0,9399656.0,2047.0,left,True,False,,True,,9400250.0,2641.0,clean,,complete,,clean,,pilot_v0.3,left,left,9400093.0,9400250.0,0.03493677236767667,-0.12002964584702756,neutral,neutral,neutral,neutral,True,-0.3089268507469425,0.09483136971897818,True,-0.2637845331975993,0.04659705893891228,True,True,True,True,,,,,,,,,,,,,,,,,,,,,,,,,,,,,,,,,
12324076_exp2_001_03_motor_dual_plan2_20260819_215120,12324076,motor-only,dual,True,only-motor-2,up,5,27,wrist,up,9412984.0,9428578.0,,,9415984.0,3000.0,,,left,False,False,,False,,,,contaminated,no_correct_wrist_action_before_next_cue,not_applicable,no_correct_wrist_action_before_next_cue,contaminated,no_correct_wrist_action_before_next_cue,pilot_v0.3,left,,,,-0.09415425224741539,-0.19308658023932646,neutral,neutral,neutral,neutral,True,-0.3089268507469425,0.09483136971897818,True,-0.2637845331975993,0.04659705893891228,True,True,True,True,,,,,,,,,,,,,,,,,,,,,,,,,,,,,,,,,
12324076_exp2_001_03_motor_dual_plan2_20260819_215120,12324076,motor-only,dual,True,only-motor-2,down,6,34,wrist,down,9428578.0,9441875.0,9430921.0,2343.0,9430921.0,2343.0,9430921.0,2343.0,down,True,False,,True,,9431765.0,3187.0,clean,,complete,,clean,,pilot_v0.3,down,down,9431609.0,9431765.0,-0.0934132073937054,-0.1991108931201203,neutral,neutral,neutral,neutral,True,-0.3089268507469425,0.09483136971897818,True,-0.2637845331975993,0.04659705893891228,True,True,True,True,,,,,,,,,,,,,,,,,,,,,,,,,,,,,,,,,
12324076_exp2_001_03_motor_dual_plan2_20260819_215120,12324076,motor-only,dual,True,only-motor-2,release,7,40,pinch,contact_to_open,9441875.0,,9444453.0,2578.0,9444453.0,2578.0,9444453.0,2578.0,opening,True,False,,True,True,9445109.0,3234.0,clean,,complete,,clean,,pilot_v0.3,,,,,,,,,,,,,,,,,,,,,,True,,True,contact,open,0.05848489382139409,0.08590593472737489,0.0033887031808814555,0.024468643278455063,1.1216448661335336,True,False,,9444953.0,,,,,4.393934746393241e-05,,,,,,,,,,,,,
12324076_exp2_001_04_motor_dual_plan3_20260819_215447,12324076,motor-only,dual,True,only-motor-3,contact,1,1,pinch,open_to_contact,9584812.0,9595437.0,9585453.0,641.0,9585453.0,641.0,9585453.0,641.0,closing,True,False,,True,True,9585718.0,906.0,clean,,complete,,clean,,pilot_v0.3,,,,,,,,,,,,,,,,,,,,,,True,,True,open,contact,0.11559554138893073,0.024499996073860678,0.05336267385094884,0.06763734391446345,0.31465651123343,False,True,,,9585562.0,,,,5.40371533734596e-06,,,,,,,,,,,,,
12324076_exp2_001_04_motor_dual_plan3_20260819_215447,12324076,motor-only,dual,True,only-motor-3,up,2,6,wrist,up,9595437.0,9610656.0,,,9598093.0,2656.0,,,down,False,False,,False,,,,contaminated,no_correct_wrist_action_before_next_cue,not_applicable,no_correct_wrist_action_before_next_cue,contaminated,no_correct_wrist_action_before_next_cue,pilot_v0.3,down,,,,0.055888686897572204,0.03507225099602308,neutral,neutral,neutral,neutral,True,-0.36681896848686835,0.06847125683084251,True,-0.25183092799052675,0.06224781383299585,True,True,True,True,,,,,,,,,,,,,,,,,,,,,,,,,,,,,,,,,
12324076_exp2_001_04_motor_dual_plan3_20260819_215447,12324076,motor-only,dual,True,only-motor-3,down,3,13,wrist,down,9610656.0,9626343.0,9613890.0,3234.0,9613890.0,3234.0,9613890.0,3234.0,down,True,False,,True,,9614531.0,3875.0,clean,,complete,,clean,,pilot_v0.3,down,down,9614375.0,9614531.0,0.06752068120455179,-0.03154251397128453,neutral,neutral,neutral,neutral,True,-0.36681896848686835,0.06847125683084251,True,-0.25183092799052675,0.06224781383299585,True,True,True,True,,,,,,,,,,,,,,,,,,,,,,,,,,,,,,,,,
12324076_exp2_001_04_motor_dual_plan3_20260819_215447,12324076,motor-only,dual,True,only-motor-3,slip,4,20,pinch,pinch_then_release,9626343.0,9642203.0,9628406.0,2063.0,9628406.0,2063.0,9628406.0,2063.0,pinch,True,False,,True,True,9629515.0,3172.0,clean,,complete,,clean,,pilot_v0.3,,,,,,,,,,,,,,,,,,,,,,True,,True,contact,contact,0.057313876897309955,0.08278166056548145,0.004918990640671937,0.009355679422842676,1.3445957502895038,,True,,,9629359.0,9628406.0,0.8950516574210703,0.00020129736480423155,0.00020129736480423155,9628406.0,2063.0,True,1.0754525817451412,0.18040092432407095,9628578.0,9628718.0,9628875.0,0.11841090789795172,True,9629343.0,9629500.0,True
12324076_exp2_001_04_motor_dual_plan3_20260819_215447,12324076,motor-only,dual,True,only-motor-3,right,5,27,wrist,right,9642203.0,9657875.0,9644281.0,2078.0,9644281.0,2078.0,9644281.0,2078.0,right,True,False,,True,,9645046.0,2843.0,clean,,complete,,clean,,pilot_v0.3,right,right,9644890.0,9645046.0,0.06806554467012763,-0.05762043974036751,neutral,neutral,neutral,neutral,True,-0.36681896848686835,0.06847125683084251,True,-0.25183092799052675,0.06224781383299585,True,True,True,True,,,,,,,,,,,,,,,,,,,,,,,,,,,,,,,,,
12324076_exp2_001_04_motor_dual_plan3_20260819_215447,12324076,motor-only,dual,True,only-motor-3,up,6,34,wrist,up,9657875.0,9671593.0,,,9660937.0,3062.0,,,down,False,False,,False,,,,contaminated,no_correct_wrist_action_before_next_cue,not_applicable,no_correct_wrist_action_before_next_cue,contaminated,no_correct_wrist_action_before_next_cue,pilot_v0.3,down,,,,0.06740333865615339,-0.10254503383303412,neutral,neutral,neutral,neutral,True,-0.36681896848686835,0.06847125683084251,True,-0.25183092799052675,0.06224781383299585,True,True,True,True,,,,,,,,,,,,,,,,,,,,,,,,,,,,,,,,,
12324076_exp2_001_04_motor_dual_plan3_20260819_215447,12324076,motor-only,dual,True,only-motor-3,release,7,40,pinch,contact_to_open,9671593.0,,9673859.0,2266.0,9673859.0,2266.0,9673859.0,2266.0,opening,True,False,,True,True,9674359.0,2766.0,clean,,complete,,clean,,pilot_v0.3,,,,,,,,,,,,,,,,,,,,,,True,,True,pinch,open,0.05491810956285492,0.08517742789993649,0.00731475797512697,0.006959912088387643,1.5124292150067375,True,False,,9674203.0,,,,,1.9619718385974205e-06,,,,,,,,,,,,,
12324076_exp2_001_05_motor_dual_plan4_20260819_215836,12324076,motor-only,dual,True,only-motor-4,contact,1,1,pinch,open_to_contact,9840000.0,9851406.0,9840734.0,734.0,9840734.0,734.0,9840734.0,734.0,closing,True,False,,True,True,9841078.0,1078.0,clean,,complete,,clean,,pilot_v0.3,,,,,,,,,,,,,,,,,,,,,,True,,True,open,contact,0.1222654357467799,0.009791058296489324,0.057506624753955016,0.06331028805441555,0.14548878732051204,False,True,,,9840921.0,,,,1.9455219461297912e-05,,,,,,,,,,,,,
12324076_exp2_001_05_motor_dual_plan4_20260819_215836,12324076,motor-only,dual,True,only-motor-4,right,2,6,wrist,right,9851406.0,9864781.0,9853906.0,2500.0,9853906.0,2500.0,9853906.0,2500.0,right,True,False,,True,,9854703.0,3297.0,clean,,complete,,clean,,pilot_v0.3,right,right,9854546.0,9854703.0,0.0831841498460778,0.006187131032204859,neutral,neutral,neutral,neutral,True,-0.29116097738518515,0.10791886760563024,True,-0.23202777343384215,0.08943850484128021,True,True,True,True,,,,,,,,,,,,,,,,,,,,,,,,,,,,,,,,,
12324076_exp2_001_05_motor_dual_plan4_20260819_215836,12324076,motor-only,dual,True,only-motor-4,slip,3,13,pinch,pinch_then_release,9864781.0,9880578.0,9866921.0,2140.0,9866921.0,2140.0,9866921.0,2140.0,pinch,True,False,,True,True,9868203.0,3422.0,clean,,complete,,clean,,pilot_v0.3,,,,,,,,,,,,,,,,,,,,,,True,,True,pinch,contact,0.06149601774098872,0.07056047630228049,0.003262793251836156,0.002540870048624383,1.5621954760155097,,True,,,9868046.0,9866921.0,0.9527329189143978,5.371327920455915e-05,5.371327920455915e-05,9866921.0,2140.0,True,1.224684381511733,0.27195146259733516,9867140.0,9867234.0,9867390.0,0.1204684713747115,True,9867921.0,9868078.0,True
12324076_exp2_001_05_motor_dual_plan4_20260819_215836,12324076,motor-only,dual,True,only-motor-4,down,4,20,wrist,down,9880578.0,9896296.0,9883062.0,2484.0,9883062.0,2484.0,9883062.0,2484.0,down,True,False,,True,,9884031.0,3453.0,clean,,complete,,clean,,pilot_v0.3,down,down,9883875.0,9884031.0,0.02961495302373518,-0.048751127480018724,neutral,neutral,neutral,neutral,True,-0.29116097738518515,0.10791886760563024,True,-0.23202777343384215,0.08943850484128021,True,True,True,True,,,,,,,,,,,,,,,,,,,,,,,,,,,,,,,,,
12324076_exp2_001_05_motor_dual_plan4_20260819_215836,12324076,motor-only,dual,True,only-motor-4,slip,5,27,pinch,pinch_then_release,9896296.0,9912390.0,9898734.0,2438.0,9898734.0,2438.0,9898734.0,2438.0,pinch,True,False,,False,False,9899125.0,2829.0,clean,,incomplete_contact_return,no_stable_contact_reference_return_before_next_cue,partial_no_contact_return,no_stable_contact_reference_return_before_next_cue,pilot_v0.3,,,,,,,,,,,,,,,,,,,,,,True,,True,pinch,contact,0.05448213681912856,0.07757435722414066,0.01027667417369632,0.004473010873235782,2.7707219805257886,,False,,,,9898734.0,1.0471625167718124,4.6360901886366435e-05,4.6360901886366435e-05,9898734.0,2438.0,True,1.2756444389321118,0.2284819221602994,9898875.0,9898968.0,9899125.0,0.14907648375548388,True,9899500.0,9899656.0,True
12324076_exp2_001_05_motor_dual_plan4_20260819_215836,12324076,motor-only,dual,True,only-motor-4,right,6,34,wrist,right,9912390.0,9926125.0,9914843.0,2453.0,9914843.0,2453.0,9914843.0,2453.0,right,True,False,,True,,9915531.0,3141.0,clean,,complete,,clean,,pilot_v0.3,right,right,9915375.0,9915531.0,0.01572520475121322,-0.10689938242038297,neutral,neutral,neutral,neutral,True,-0.29116097738518515,0.10791886760563024,True,-0.23202777343384215,0.08943850484128021,True,True,True,True,,,,,,,,,,,,,,,,,,,,,,,,,,,,,,,,,
12324076_exp2_001_05_motor_dual_plan4_20260819_215836,12324076,motor-only,dual,True,only-motor-4,release,7,40,pinch,contact_to_open,9926125.0,,9927312.0,1187.0,9927312.0,1187.0,9927312.0,1187.0,opening,True,False,,True,True,9927765.0,1640.0,clean,,complete,,clean,,pilot_v0.3,,,,,,,,,,,,,,,,,,,,,,True,,True,pinch,open,0.0525160793662284,0.07954041467704082,0.012242731626596476,0.006439068326135937,3.109483440506443,True,False,,9927593.0,,,,,7.4303984474513585e-06,,,,,,,,,,,,,
12324076_exp2_001_06_motor_dual_plan5_20260819_220251,12324076,motor-only,dual,True,only-motor-5,contact,1,1,pinch,open_to_contact,10040765.0,10053203.0,10041328.0,563.0,10041328.0,563.0,10041328.0,563.0,closing,True,False,,True,True,10041937.0,1172.0,clean,,complete,,clean,,pilot_v0.3,,,,,,,,,,,,,,,,,,,,,,True,,True,open,contact,0.13146441084187005,0.0005920832013991684,0.06670559984904517,0.0725092631495057,0.008797973043965873,False,True,,,10041781.0,,,,4.911693759451774e-05,,,,,,,,,,,,,
12324076_exp2_001_06_motor_dual_plan5_20260819_220251,12324076,motor-only,dual,True,only-motor-5,slip,2,6,pinch,pinch_then_release,10053203.0,10066796.0,10055031.0,1828.0,10055031.0,1828.0,10055031.0,1828.0,pinch,True,False,,True,True,10056250.0,3047.0,clean,,complete,,clean,,pilot_v0.3,,,,,,,,,,,,,,,,,,,,,,True,,True,contact,contact,0.07605811574053095,0.055998378302738266,0.011299304747706074,0.017102968048166613,0.8320996468892331,,True,,,10056093.0,10055031.0,0.7566798245752455,6.0152773623034506e-05,6.0152773623034506e-05,10055031.0,1828.0,True,1.1933698664910057,0.4366900419157602,10055296.0,10055421.0,10055578.0,0.0975356609921012,True,10056187.0,10056343.0,True
12324076_exp2_001_06_motor_dual_plan5_20260819_220251,12324076,motor-only,dual,True,only-motor-5,left,3,13,wrist,left,10066796.0,10082312.0,,,10069140.0,2344.0,,,right,False,False,,False,,,,contaminated,no_correct_wrist_action_before_next_cue,not_applicable,no_correct_wrist_action_before_next_cue,contaminated,no_correct_wrist_action_before_next_cue,pilot_v0.3,right,,,,0.057086493039888435,-0.08750621382399602,neutral,neutral,neutral,neutral,True,-0.29116097738518515,0.10791886760563024,True,-0.23202777343384215,0.08943850484128021,True,True,True,True,,,,,,,,,,,,,,,,,,,,,,,,,,,,,,,,,
12324076_exp2_001_06_motor_dual_plan5_20260819_220251,12324076,motor-only,dual,True,only-motor-5,up,4,20,wrist,up,10082312.0,10098140.0,,,10084531.0,2219.0,,,down,False,False,,False,,,,contaminated,no_correct_wrist_action_before_next_cue,not_applicable,no_correct_wrist_action_before_next_cue,contaminated,no_correct_wrist_action_before_next_cue,pilot_v0.3,down,,,,-0.010199407938211176,-0.15944534957984202,neutral,neutral,neutral,neutral,True,-0.29116097738518515,0.10791886760563024,True,-0.23202777343384215,0.08943850484128021,True,True,True,True,,,,,,,,,,,,,,,,,,,,,,,,,,,,,,,,,
12324076_exp2_001_06_motor_dual_plan5_20260819_220251,12324076,motor-only,dual,True,only-motor-5,down,5,27,wrist,down,10098140.0,10113890.0,10100437.0,2297.0,10100437.0,2297.0,10100437.0,2297.0,down,True,False,,True,,10101281.0,3141.0,clean,,complete,,clean,,pilot_v0.3,down,down,10101125.0,10101281.0,0.05495436611131503,-0.20568312579265094,neutral,neutral,neutral,neutral,True,-0.29116097738518515,0.10791886760563024,True,-0.23202777343384215,0.08943850484128021,True,True,True,True,,,,,,,,,,,,,,,,,,,,,,,,,,,,,,,,,
12324076_exp2_001_06_motor_dual_plan5_20260819_220251,12324076,motor-only,dual,True,only-motor-5,slip,6,34,pinch,pinch_then_release,10113890.0,10127031.0,10115906.0,2016.0,10115906.0,2016.0,10115906.0,2016.0,pinch,True,False,,True,True,10117234.0,3344.0,clean,,complete,,clean,,pilot_v0.3,,,,,,,,,,,,,,,,,,,,,,True,,True,pinch,contact,0.05716475449085738,0.07489173955241184,0.007594056501967497,0.0017903932015069582,2.3084936373488247,,True,,,10117078.0,10115906.0,1.011045777584378,0.00010407831908376686,0.00010407831908376686,10115906.0,2016.0,True,1.2727152918354474,0.26166951425106943,10116203.0,10116312.0,10116468.0,0.14164212467732185,True,10117000.0,10117156.0,True
12324076_exp2_001_06_motor_dual_plan5_20260819_220251,12324076,motor-only,dual,True,only-motor-5,release,7,40,pinch,contact_to_open,10127031.0,,10128265.0,1234.0,10128265.0,1234.0,10128265.0,1234.0,opening,True,False,,True,True,10128671.0,1640.0,clean,,complete,,clean,,pilot_v0.3,,,,,,,,,,,,,,,,,,,,,,True,,True,contact,open,0.06777122232554281,0.06428527171772641,0.003012411332717929,0.008816074633178468,0.9552375179029579,True,False,,10128515.0,,,,,1.4615384814689603e-06,,,,,,,,,,,,,
12324076_exp2_001_07_motor_dual_plan6_20260819_221111,12324076,motor-only,dual,True,only-motor-6,contact,1,1,pinch,open_to_contact,10535734.0,10547359.0,10536312.0,578.0,10536312.0,578.0,10536312.0,578.0,closing,True,False,,True,True,10536625.0,891.0,clean,,complete,,clean,,pilot_v0.3,,,,,,,,,,,,,,,,,,,,,,True,,True,open,contact,0.11375893037471826,0.021205923904572516,0.04960423645944924,0.08997641217331662,0.29947572206526346,False,True,,,10536468.0,,,,2.761324420175182e-06,,,,,,,,,,,,,
12324076_exp2_001_07_motor_dual_plan6_20260819_221111,12324076,motor-only,dual,True,only-motor-6,left,2,7,wrist,left,10547359.0,10561656.0,,,10549578.0,2219.0,,,right,False,False,,False,,,,contaminated,no_correct_wrist_action_before_next_cue,not_applicable,no_correct_wrist_action_before_next_cue,contaminated,no_correct_wrist_action_before_next_cue,pilot_v0.3,right,,,,0.0471237698126621,0.025868410064997086,neutral,neutral,neutral,neutral,True,-0.33718426868064144,0.07888451393669613,True,-0.24458647243822698,0.07036894488827541,True,True,True,True,,,,,,,,,,,,,,,,,,,,,,,,,,,,,,,,,
12324076_exp2_001_07_motor_dual_plan6_20260819_221111,12324076,motor-only,dual,True,only-motor-6,left,3,13,wrist,left,10561656.0,10577843.0,,,10563750.0,2094.0,,,right,False,False,,False,,,,contaminated,no_correct_wrist_action_before_next_cue,not_applicable,no_correct_wrist_action_before_next_cue,contaminated,no_correct_wrist_action_before_next_cue,pilot_v0.3,right,,,,-0.04388182116271385,-0.09537024969225821,neutral,neutral,neutral,neutral,True,-0.33718426868064144,0.07888451393669613,True,-0.24458647243822698,0.07036894488827541,True,True,True,True,,,,,,,,,,,,,,,,,,,,,,,,,,,,,,,,,
12324076_exp2_001_07_motor_dual_plan6_20260819_221111,12324076,motor-only,dual,True,only-motor-6,right,4,20,wrist,right,10577843.0,10594109.0,10580109.0,2266.0,10580109.0,2266.0,10580109.0,2266.0,right,True,False,,True,,10580953.0,3110.0,clean,,complete,,clean,,pilot_v0.3,right,right,10580796.0,10580953.0,-0.06340786384826301,-0.15983801809610643,neutral,neutral,neutral,neutral,True,-0.33718426868064144,0.07888451393669613,True,-0.24458647243822698,0.07036894488827541,True,True,True,True,,,,,,,,,,,,,,,,,,,,,,,,,,,,,,,,,
12324076_exp2_001_07_motor_dual_plan6_20260819_221111,12324076,motor-only,dual,True,only-motor-6,up,5,27,wrist,up,10594109.0,10609921.0,,,10596468.0,2359.0,,,down,False,False,,False,,,,contaminated,no_correct_wrist_action_before_next_cue,not_applicable,no_correct_wrist_action_before_next_cue,contaminated,no_correct_wrist_action_before_next_cue,pilot_v0.3,down,,,,0.07592696208246248,-0.16710953280284316,neutral,neutral,neutral,neutral,True,-0.33718426868064144,0.07888451393669613,True,-0.24458647243822698,0.07036894488827541,True,True,True,True,,,,,,,,,,,,,,,,,,,,,,,,,,,,,,,,,
12324076_exp2_001_07_motor_dual_plan6_20260819_221111,12324076,motor-only,dual,True,only-motor-6,down,6,34,wrist,down,10609921.0,10622843.0,10611640.0,1719.0,10611640.0,1719.0,10611640.0,1719.0,down,True,False,,True,,10612593.0,2672.0,clean,,complete,,clean,,pilot_v0.3,down,down,10612437.0,10612593.0,0.011152411375864854,-0.2019083841584551,neutral,neutral,neutral,neutral,True,-0.33718426868064144,0.07888451393669613,True,-0.24458647243822698,0.07036894488827541,True,True,True,True,,,,,,,,,,,,,,,,,,,,,,,,,,,,,,,,,
12324076_exp2_001_07_motor_dual_plan6_20260819_221111,12324076,motor-only,dual,True,only-motor-6,release,7,40,pinch,contact_to_open,10622843.0,,10624890.0,2047.0,10624890.0,2047.0,10624890.0,2047.0,opening,True,False,,True,True,10625562.0,2719.0,clean,,complete,,clean,,pilot_v0.3,,,,,,,,,,,,,,,,,,,,,,True,,True,contact,open,0.047866086923141815,0.08709876735614897,0.01628860699212721,0.024083568721740174,1.403461213177378,True,False,,10625406.0,,,,,6.396884672237035e-06,,,,,,,,,,,,,
