session_id,participant_id,condition,plan_id,event_name,event_position,emit_trial_number,cue_onset_ms,next_cue_onset_ms,response_source,analysis_axis,expected_excursion_direction,baseline_center,baseline_mad,excursion_threshold,pre_cue_value,value_at_onset,first_excursion_direction,first_excursion_onset_ms,first_excursion_rt_ms,first_excursion_peak_value,first_excursion_peak_delta,first_excursion_peak_ms,first_excursion_duration_ms,expected_excursion_detected,expected_excursion_onset_ms,expected_excursion_rt_ms,reversal_detected,reversal_direction,reversal_onset_ms,reversal_rt_ms,overshoot_peak_value,overshoot_peak_delta,overshoot_peak_ms,first_stable_direction,first_stable_rt_ms,stable_matches_first_excursion,response_quality,cycle_quality,quality_reason,detector_version
pinch_haptic_1back_20260814_104047,,dual,dual-1,slip,2,7,45446343.0,45463515.0,pinch,pinch_closure,pinch,0.4031573989431446,7.00482389113799e-05,0.08063147978862893,0.4036274382170104,0.40370318061779675,pinch,45447875.0,1532.0,0.884382982904952,0.48122558396180737,45448937.0,1609.0,True,45447875.0,1532.0,True,release,45449484.0,3141.0,0.29033019502670204,0.11282720391644258,45449937.0,pinch,1500.0,True,clean,complete,,pilot_v0.2
pinch_haptic_1back_20260814_104047,,dual,dual-1,up,3,15,45463515.0,45475000.0,wrist,ud,up,0.07271852859952771,0.0001580362936554336,0.031980051542772246,0.07284201562517996,0.07284201562517996,up,45464843.0,1328.0,0.29647080735556935,0.22375227875604164,45465125.0,297.0,True,45464843.0,1328.0,True,down,45465140.0,1625.0,-0.43058891733481364,0.5033074459343414,45465500.0,up,1375.0,True,clean,complete,,pilot_v0.2
pinch_haptic_1back_20260814_104047,,dual,dual-1,right,4,20,45475000.0,45491984.0,wrist,lr,right,-0.03371480014976605,0.0002512951758942873,0.044103660181283165,-0.033966808336165125,-0.03345004069761513,right,45476265.0,1265.0,-0.7320092136637881,0.6982944135140221,45476875.0,,True,45476265.0,1265.0,False,,,,,,,right,1421.0,True,clean,complete,,pilot_v0.2
pinch_haptic_1back_20260814_104047,,dual,dual-1,left,5,27,45491984.0,45508406.0,wrist,lr,left,-0.10759257369633744,0.0004277491787465365,0.054751002653527704,-0.10612545474153284,-0.10688298871274461,left,45492890.0,906.0,0.23491790247262354,0.34251047616896096,45493265.0,,True,45492890.0,906.0,False,,,,,,,left,1047.0,True,clean,complete,,pilot_v0.2
pinch_haptic_1back_20260814_104047,,dual,dual-1,left,6,35,45508406.0,45520687.0,wrist,lr,left,-0.10734746037847391,0.00017002109646614694,0.05480002531710041,-0.10682138267816763,-0.10641900947382181,left,45509593.0,1187.0,0.2772022154653527,0.3845496758438266,45509937.0,,True,45509593.0,1187.0,False,,,,,,,left,1297.0,True,clean,complete,,pilot_v0.2
pinch_haptic_1back_20260814_104606,,dual,dual-2,down,2,6,45723031.0,45736750.0,wrist,ud,down,0.011039272869401028,0.00018296458367196566,0.05287769683043794,0.011179617605263842,0.011309050714920145,down,45724531.0,1500.0,-0.41142140646899233,0.4224606793383934,45724921.0,906.0,True,45724531.0,1500.0,True,up,45725437.0,2406.0,0.13807528323187632,0.12703601036247528,45725546.0,down,1609.0,True,clean,complete,,pilot_v0.2
pinch_haptic_1back_20260814_104606,,dual,dual-2,right,3,13,45736750.0,45752250.0,wrist,lr,right,-0.033070714933182824,0.00041508496694761185,0.0652215901459152,-0.03364309316255948,-0.03358095795267332,right,45737718.0,968.0,-0.7495276462623257,0.7164569313291429,45738281.0,,True,45737718.0,968.0,False,,,,,,,right,1078.0,True,clean,complete,,pilot_v0.2
pinch_haptic_1back_20260814_104606,,dual,dual-2,left,4,20,45752250.0,45768234.0,wrist,lr,left,-0.06558020085246634,0.0003034151961290865,0.05871969296205849,-0.06603557498280262,-0.06603557498280262,left,45753328.0,1078.0,0.269044782858086,0.3346249837105523,45753640.0,,True,45753328.0,1078.0,False,,,,,,,left,1203.0,True,clean,complete,,pilot_v0.2
pinch_haptic_1back_20260814_104606,,dual,dual-2,up,5,27,45768234.0,45783640.0,wrist,ud,up,-0.021854368370259936,0.00014693821299960677,0.05665383787055836,-0.021431408113615113,-0.021370089695770676,up,45769984.0,1750.0,0.18021380470805723,0.20206817307831718,45770125.0,156.0,True,45769984.0,1750.0,True,down,45770140.0,1906.0,-0.3785031966053597,0.35664882823509975,45770468.0,down,1906.0,False,contaminated,not_applicable,no_correct_wrist_action_before_next_cue,pilot_v0.2
pinch_haptic_1back_20260814_104606,,dual,dual-2,down,6,34,45783640.0,45797843.0,wrist,ud,down,0.04337071484627435,0.0007803421484853523,0.04641140843506328,0.04412807968937266,0.04404240786774333,down,45784875.0,1235.0,-0.3787366704745979,0.4221073853208723,45785234.0,6328.0,True,45784875.0,1235.0,True,up,45791203.0,7563.0,0.11236958618418723,0.06899887133791288,45797593.0,down,1344.0,True,clean,complete,,pilot_v0.2
pinch_haptic_1back_20260814_104938,,dual,dual-3,up,2,7,46010156.0,46023421.0,wrist,ud,up,-0.04247507193913841,0.0003264312846159127,0.06347420490479076,-0.042035447969017,-0.042124056719132934,up,46011640.0,1484.0,0.07656286037107128,0.11903793231020969,46011703.0,110.0,True,46011640.0,1484.0,True,down,46011750.0,1594.0,-0.261970786287076,0.21949571434793758,46012109.0,down,1781.0,False,contaminated,not_applicable,no_correct_wrist_action_before_next_cue,pilot_v0.2
pinch_haptic_1back_20260814_104938,,dual,dual-3,down,3,13,46023421.0,46037921.0,wrist,ud,down,-0.043221938569432954,0.0005504627694926066,0.06362357823084967,-0.042226596375394304,-0.042226596375394304,down,46025156.0,1735.0,-0.4813280618872153,0.4381061233177823,46025546.0,937.0,True,46025156.0,1735.0,True,up,46026093.0,2672.0,0.06610975410673962,0.10933169267617257,46028171.0,down,1797.0,True,clean,complete,,pilot_v0.2
pinch_haptic_1back_20260814_104938,,dual,dual-3,slip,4,20,46037921.0,46053796.0,pinch,pinch_closure,pinch,0.4876546872730635,0.00015758987169495198,0.0975309374546127,0.4873632754791044,0.48727141691658105,pinch,46039468.0,1547.0,0.7886716591863645,0.301016971913301,46039687.0,,True,46039468.0,1547.0,False,,,,,,,pinch,1500.0,True,clean,complete,,pilot_v0.2
pinch_haptic_1back_20260814_104938,,dual,dual-3,right,5,27,46053796.0,46069453.0,wrist,lr,right,-0.0381489135740968,0.0002287979184679781,0.07999794522321091,-0.03835354742945257,-0.03792195328336759,right,46054906.0,1110.0,-0.7881783714523463,0.7500294578782495,46055500.0,,True,46054906.0,1110.0,False,,,,,,,right,1235.0,True,clean,complete,,pilot_v0.2
pinch_haptic_1back_20260814_104938,,dual,dual-3,up,6,34,46069453.0,46083531.0,wrist,ud,up,0.0036801025801518686,0.00012784168364279175,0.054243170000932706,0.0033659595051272542,0.0033017430334257303,up,46070671.0,1218.0,0.12935200367273458,0.12567190109258272,46070765.0,125.0,True,46070671.0,1218.0,True,down,46070796.0,1343.0,-0.28503227774816736,0.28871238032831925,46071125.0,down,1437.0,False,contaminated,not_applicable,no_correct_wrist_action_before_next_cue,pilot_v0.2
pinch_haptic_1back_20260814_105504,,dual,dual-4,right,2,7,46259687.0,46273078.0,wrist,lr,right,0.017464145740409078,0.0005079415119302842,0.06812441087254496,0.0173447455183112,0.017174935933223244,right,46260609.0,922.0,-0.6705375279596137,0.6880016737000229,46261140.0,,True,46260609.0,922.0,False,,,,,,,right,1109.0,True,clean,complete,,pilot_v0.2
pinch_haptic_1back_20260814_105504,,dual,dual-4,slip,3,13,46273078.0,46289828.0,pinch,pinch_closure,pinch,0.4311208028919828,0.00028195682868464855,0.08622416057839656,0.4306266204324488,0.43021000174790025,pinch,46274265.0,1187.0,0.9824743994480869,0.551353596556104,46274656.0,,True,46274265.0,1187.0,False,,,,,,,pinch,1140.0,True,clean,complete,,pilot_v0.2
pinch_haptic_1back_20260814_105504,,dual,dual-4,down,4,20,46289828.0,46303234.0,wrist,ud,down,-0.07436117513851821,0.00019732997728959256,0.04132094492460153,-0.07409698171046272,-0.07396034515612573,down,46291296.0,1468.0,-0.47141491402324553,0.39705373888472734,46291656.0,,True,46291296.0,1468.0,False,,,,,,,down,1562.0,True,clean,complete,,pilot_v0.2
pinch_haptic_1back_20260814_105504,,dual,dual-4,slip,5,27,46303234.0,46318453.0,pinch,pinch_closure,pinch,0.5179503357424544,0.0006583830137917857,0.09640993285150912,0.5162894602009316,0.5157793866810048,pinch,46305187.0,1953.0,1.0055995262159962,0.4876491904735418,46305609.0,,True,46305187.0,1953.0,False,,,,,,,pinch,1906.0,True,clean,complete,,pilot_v0.2
pinch_haptic_1back_20260814_105504,,dual,dual-4,right,6,34,46318453.0,46332734.0,wrist,lr,right,-0.04503459106816446,0.00030353546667774567,0.08062415823425967,-0.04516912597976887,-0.04461585331713099,right,46319656.0,1203.0,-0.6777971288906746,0.6327625378225101,46320062.0,,True,46319656.0,1203.0,False,,,,,,,right,1281.0,True,clean,complete,,pilot_v0.2
pinch_haptic_1back_20260814_105854,,dual,dual-5,slip,2,7,46510078.0,46526406.0,pinch,pinch_closure,pinch,0.5120577924355558,0.0005282427455355343,0.09758844151288884,0.5110625475749548,0.5110374442314665,pinch,46511390.0,1312.0,0.9534810803403249,0.44142328790476903,46511859.0,,True,46511390.0,1312.0,False,,,,,,,pinch,1265.0,True,clean,complete,,pilot_v0.2
pinch_haptic_1back_20260814_105854,,dual,dual-5,left,3,15,46526406.0,46542171.0,wrist,lr,left,-0.03741005598538184,0.0001779007428002466,0.03,-0.03717888757681608,-0.03695316389939543,left,46527421.0,1015.0,0.2840086132064766,0.3214186691918584,46527890.0,1329.0,True,46527421.0,1015.0,True,right,46528750.0,2344.0,-0.11538915594380478,0.07797909995842293,46528937.0,left,1219.0,True,clean,complete,,pilot_v0.2
pinch_haptic_1back_20260814_105854,,dual,dual-5,up,4,22,46542171.0,46557750.0,wrist,ud,up,-0.08274173525636583,0.0001399427996471858,0.05431939106318449,-0.08326909546119504,-0.08342898965108383,up,46543359.0,1188.0,0.13802132367398748,0.2207630589303533,46543562.0,219.0,True,46543359.0,1188.0,True,down,46543578.0,1407.0,-0.19626678604753894,0.11352505079117312,46543750.0,right,,False,contaminated,not_applicable,no_correct_wrist_action_before_next_cue,pilot_v0.2
pinch_haptic_1back_20260814_105854,,dual,dual-5,down,5,28,46557750.0,46571656.0,wrist,ud,down,-0.154910116350701,0.00013835002930978613,0.05654458844051113,-0.15518058087849468,-0.15551101209380533,down,46559453.0,1703.0,-0.5601597539608881,0.4052496376101871,46559765.0,1093.0,True,46559453.0,1703.0,True,up,46560546.0,2796.0,0.007103145293600718,0.16201326164430174,46567515.0,right,,False,contaminated,not_applicable,no_correct_wrist_action_before_next_cue,pilot_v0.2
pinch_haptic_1back_20260814_105854,,dual,dual-5,slip,6,35,46571656.0,46589484.0,pinch,pinch_closure,pinch,0.6178500844793181,0.00026993338048664217,0.07642998310413639,0.617862821404648,0.6178783033817936,pinch,46573500.0,1844.0,0.8368029066981584,0.21895282221884027,46573609.0,,True,46573500.0,1844.0,False,,,,,,,pinch,1797.0,True,clean,complete,,pilot_v0.2
pinch_haptic_1back_20260814_110249,,dual,dual-6,left,2,6,46716312.0,46729796.0,wrist,lr,left,-0.027928292331712783,0.00069210903254701,0.08441751664171258,-0.02902981022765597,-0.02902981022765597,left,46717296.0,984.0,0.34855629055009724,0.37648458288181,46717687.0,,True,46717296.0,984.0,False,,,,,,,left,1125.0,True,clean,complete,,pilot_v0.2
pinch_haptic_1back_20260814_110249,,dual,dual-6,left,3,13,46729796.0,46746109.0,wrist,lr,left,-0.061855625127900805,0.00027290670582742413,0.07861086734593305,-0.06251922444647762,-0.062576712973724,left,46730765.0,969.0,0.34461968992190445,0.4064753150498053,46731187.0,,True,46730765.0,969.0,False,,,,,,,left,1141.0,True,clean,complete,,pilot_v0.2
pinch_haptic_1back_20260814_110249,,dual,dual-6,right,4,20,46746109.0,46762312.0,wrist,lr,right,-0.1128659388408424,0.000201302636077684,0.06840880460334474,-0.1129534334960871,-0.11303945414103789,right,46747015.0,906.0,-0.7054222174694258,0.5925562786285834,46747453.0,1141.0,True,46747015.0,906.0,True,left,46748156.0,2047.0,-0.011852774439863989,0.1010131644009784,46748218.0,right,937.0,True,clean,complete,,pilot_v0.2
pinch_haptic_1back_20260814_110249,,dual,dual-6,up,5,27,46762312.0,46778765.0,wrist,ud,up,-0.14638680171115304,0.00022015289211198275,0.049035141934081296,-0.14594485446217345,-0.14596287998936813,up,46763359.0,1047.0,0.15867773836590884,0.30506454007706185,46763562.0,250.0,True,46763359.0,1047.0,True,down,46763609.0,1297.0,-0.25130301110267284,0.1049162093915198,46763734.0,down,1297.0,False,contaminated,not_applicable,no_correct_wrist_action_before_next_cue,pilot_v0.2
pinch_haptic_1back_20260814_110249,,dual,dual-6,down,6,34,46778765.0,46792359.0,wrist,ud,down,-0.1631199849438551,0.0001124032699901939,0.045688505287540884,-0.16281451022946428,-0.16281451022946428,down,46780281.0,1516.0,-0.5287339383313996,0.3656139533875445,46780625.0,1500.0,True,46780281.0,1516.0,True,up,46781781.0,3016.0,-0.004848763841332961,0.15827122110252215,46791000.0,down,1500.0,True,clean,complete,,pilot_v0.2
pinch_haptic_1back_20260814_111545,,matrix-only,only-matrix-1,slip,2,9,47502640.0,47518453.0,pinch,pinch_closure,pinch,0.44428793928521393,0.001075697240600637,0.08885758785704279,0.4407855120196831,0.44072652612219243,pinch,47504125.0,1485.0,0.8918006216343799,0.44751268234916597,47504406.0,,True,47504125.0,1485.0,False,,,,,,,pinch,1485.0,True,clean,complete,,pilot_v0.2
pinch_haptic_1back_20260814_111545,,matrix-only,only-matrix-1,up,3,17,47518453.0,47534750.0,wrist,ud,up,0.008141872252975572,0.00013863128465521624,0.03903057695427464,0.008436638837339826,0.008442578767647445,up,47520328.0,1875.0,0.10943050082706457,0.10128862857408899,47520406.0,93.0,True,47520328.0,1875.0,True,down,47520421.0,1968.0,-0.27525733009629255,0.28339920234926813,47520828.0,down,2156.0,False,contaminated,not_applicable,no_correct_wrist_action_before_next_cue,pilot_v0.2
pinch_haptic_1back_20260814_111545,,matrix-only,only-matrix-1,right,4,24,47534750.0,47549625.0,wrist,lr,right,-0.1309302614486391,0.00015688689356392616,0.05292865664747253,-0.13081826624527146,-0.13081826624527146,right,47535921.0,1171.0,-0.7753993058761627,0.6444690444275236,47536531.0,,True,47535921.0,1171.0,False,,,,,,,right,1218.0,True,clean,complete,,pilot_v0.2
pinch_haptic_1back_20260814_111545,,matrix-only,only-matrix-1,left,5,31,47549625.0,47565015.0,wrist,lr,left,-0.19653894588879084,0.0004995197275281527,0.03980691975944217,-0.1959396300992046,-0.19635063135296382,left,47550609.0,984.0,0.16383253152961996,0.3603714774184108,47551093.0,1437.0,True,47550609.0,984.0,True,right,47552046.0,2421.0,-0.3057992228034203,0.10926027691462947,47552390.0,left,1312.0,True,clean,incomplete_return,,pilot_v0.2
pinch_haptic_1back_20260814_111545,,matrix-only,only-matrix-1,left,6,38,47565015.0,47581546.0,wrist,lr,left,-0.2637899184801067,0.00019057216972978575,0.03,-0.26330326872213483,-0.26294068080506283,left,47566218.0,1203.0,0.17509317083586484,0.43888308931597153,47566812.0,,True,47566218.0,1203.0,False,,,,,,,right,,False,recoverable,incomplete_return,cue_onset_not_neutral_by_offline_classifier,pilot_v0.2
pinch_haptic_1back_20260814_113122,,matrix-only,only-matrix-2,down,2,8,570187.0,584546.0,wrist,ud,down,-0.03764946039138496,0.00016266527020981913,0.05154074989800094,-0.036903978876237274,-0.03710072559130386,down,571343.0,1156.0,-0.43099826348267145,0.3933488030912865,571828.0,1032.0,True,571343.0,1156.0,True,up,572375.0,2188.0,0.03938627081768032,0.07703573120906529,572468.0,down,1344.0,True,clean,complete,,pilot_v0.2
pinch_haptic_1back_20260814_113122,,matrix-only,only-matrix-2,right,3,15,584546.0,594640.0,wrist,lr,right,0.023883333674123,0.00010972711586472797,0.0852327171963508,0.02302229482992884,0.02339643887767185,right,585484.0,938.0,-0.661266594561494,0.6851499282356169,586000.0,,True,585484.0,938.0,False,,,,,,,right,1141.0,True,clean,complete,,pilot_v0.2
pinch_haptic_1back_20260814_113122,,matrix-only,only-matrix-2,left,4,20,594640.0,610859.0,wrist,lr,left,0.005728450775925658,0.0014167090813231743,0.08886369377599027,0.008992849828873111,0.008992849828873111,left,595593.0,953.0,0.3619790130712765,0.35625056229535085,595937.0,1500.0,True,595593.0,953.0,True,right,597093.0,2453.0,-0.10331085314211255,0.1090393039180382,597125.0,left,1047.0,True,clean,complete,,pilot_v0.2
pinch_haptic_1back_20260814_113122,,matrix-only,only-matrix-2,up,5,27,610859.0,626921.0,wrist,ud,up,-0.0505876837109924,0.00011850481688226167,0.05412839456192242,-0.05109487068196475,-0.051105160825541125,down,611843.0,984.0,-0.11385273117979858,0.06326504746880618,611921.0,250.0,True,612093.0,1234.0,True,up,612093.0,1234.0,0.18179617855139452,0.23238386226238691,612781.0,up,1922.0,False,clean,complete,,pilot_v0.2
pinch_haptic_1back_20260814_113122,,matrix-only,only-matrix-2,down,6,34,626921.0,643531.0,wrist,ud,down,-0.15766441173870896,0.00040066536499104577,0.07453957166246582,-0.15839549759815943,-0.15839773059743412,down,628453.0,1532.0,-0.5790916033066034,0.42142719156789443,628812.0,1062.0,True,628453.0,1532.0,True,up,629515.0,2594.0,0.010542690207051154,0.1682071019457601,630218.0,down,1563.0,True,clean,complete,,pilot_v0.2
pinch_haptic_1back_20260814_113447,,matrix-only,only-matrix-3,up,2,7,777078.0,788953.0,wrist,ud,up,-0.010065678129255868,0.00044305148900398994,0.03785577505043327,-0.009310192568976559,-0.009311681936374811,up,778406.0,1328.0,0.17591467571426167,0.18598035384351755,778750.0,1281.0,True,778406.0,1328.0,True,down,779687.0,2609.0,-0.17004439730101006,0.15997871917175419,780171.0,up,1422.0,True,clean,complete,,pilot_v0.2
pinch_haptic_1back_20260814_113447,,matrix-only,only-matrix-3,down,3,13,788953.0,804609.0,wrist,ud,down,-0.14188622459646114,0.000235273469112951,0.05534466888799064,-0.14221184833264996,-0.14217160779412868,down,790718.0,1765.0,-0.5071299741500781,0.36524374955361694,791062.0,1110.0,True,790718.0,1765.0,True,up,791828.0,2875.0,0.0055037610800263825,0.1473899856764875,792390.0,down,1781.0,True,clean,complete,,pilot_v0.2
pinch_haptic_1back_20260814_113447,,matrix-only,only-matrix-3,slip,4,20,804609.0,820875.0,pinch,pinch_closure,pinch,0.5722504191947495,0.0005442876602844149,0.08554991616105011,0.5713248522633635,0.5712880000248455,pinch,805875.0,1266.0,0.9449083009342321,0.37265788173948255,806140.0,,True,805875.0,1266.0,False,,,,,,,pinch,1234.0,True,clean,complete,,pilot_v0.2
pinch_haptic_1back_20260814_113447,,matrix-only,only-matrix-3,right,5,27,820875.0,835984.0,wrist,lr,right,-0.04201495462782737,0.00017739495392905466,0.09148502467982444,-0.042182276563587404,-0.04218931037373995,right,822015.0,1140.0,-0.6777092232721247,0.6356942686442973,822546.0,,True,822015.0,1140.0,False,,,,,,,right,1343.0,True,clean,complete,,pilot_v0.2
pinch_haptic_1back_20260814_113447,,matrix-only,only-matrix-3,up,6,34,835984.0,849500.0,wrist,ud,up,-0.04284694420029965,0.0004754848458388,0.04441202826464202,-0.041997986747743576,-0.04190525242796038,up,837328.0,1344.0,0.16863223336249725,0.21147917756279688,837578.0,1125.0,True,837328.0,1344.0,True,down,838453.0,2469.0,-0.17804340464979815,0.1351964604494985,839062.0,up,1422.0,True,clean,complete,,pilot_v0.2
pinch_haptic_1back_20260814_113756,,matrix-only,only-matrix-4,right,2,7,966890.0,980234.0,wrist,lr,right,0.010846128131537406,0.00018896574066885538,0.08234363278923947,0.010218625179529971,0.009959454458430023,right,967828.0,938.0,-0.6061288294979056,0.616974957629443,968281.0,,True,967828.0,938.0,False,,,,,,,right,1047.0,True,clean,complete,,pilot_v0.2
pinch_haptic_1back_20260814_113756,,matrix-only,only-matrix-4,slip,3,13,980234.0,995906.0,pinch,pinch_closure,pinch,0.4922245684318246,8.80401031514988e-05,0.09844491368636493,0.4920409817331416,0.49214092761866746,pinch,981531.0,1297.0,0.9541663978627479,0.4619418294309233,981687.0,,True,981531.0,1297.0,False,,,,,,,pinch,1266.0,True,clean,complete,,pilot_v0.2
pinch_haptic_1back_20260814_113756,,matrix-only,only-matrix-4,down,4,20,995906.0,1011359.0,wrist,ud,down,-0.018184115825229316,0.00017357940923429932,0.048623021697362406,-0.018673988206313986,-0.018673988206313986,down,997187.0,1281.0,-0.4487696893357701,0.4305855735105408,997687.0,1406.0,True,997187.0,1281.0,True,up,998593.0,2687.0,0.032884272786777524,0.05106838861200684,998875.0,down,1437.0,True,clean,complete,,pilot_v0.2
pinch_haptic_1back_20260814_113756,,matrix-only,only-matrix-4,slip,5,27,1011359.0,1027031.0,pinch,pinch_closure,pinch,0.5233556976733797,0.00017962616778666174,0.09532886046532406,0.5228754310558257,0.5227804698462591,release,1014125.0,2766.0,0.421852091812245,0.10150360586113477,1014187.0,,False,,,False,,,,,,,,,,no_pinch_increase,not_applicable,no_stable_closure_increase_before_next_cue,pilot_v0.2
pinch_haptic_1back_20260814_113756,,matrix-only,only-matrix-4,right,6,34,1027031.0,1040921.0,wrist,lr,right,-0.03560017013635178,0.00024444306156370943,0.07305437313566164,-0.03470664893084314,-0.03411760817885069,right,1028078.0,1047.0,-0.6885645596521246,0.6529643895157728,1028531.0,,True,1028078.0,1047.0,False,,,,,,,right,1109.0000000001164,True,clean,complete,,pilot_v0.2
pinch_haptic_1back_20260814_114109,,matrix-only,only-matrix-5,slip,2,7,1148218.0,1161187.0,pinch,pinch_closure,pinch,0.6687332510612751,7.059606523396322e-05,0.06625334978774498,0.6687756850990246,0.6687278689004075,pinch,1149484.0,1266.0,1.0181580672821005,0.34942481622082533,1149765.0,969.0,True,1149484.0,1266.0,True,release,1150453.0,2235.0,0.35318884094760944,0.3155444101136657,1151593.0,pinch,1266.0,True,clean,complete,,pilot_v0.2
pinch_haptic_1back_20260814_114109,,matrix-only,only-matrix-5,left,3,13,1161187.0,1177468.0,wrist,lr,left,-0.03814988611156976,0.00015714724747251801,0.09513840546797765,-0.03798154940335729,-0.037546088833981126,left,1162156.0,969.0,0.2221609678805342,0.26031085399210396,1162750.0,1031.0,True,1162156.0,969.0,True,right,1163187.0,2000.0,-0.242066855363758,0.20391696925218822,1163468.0,down,1109.0,False,contaminated,not_applicable,no_correct_wrist_action_before_next_cue,pilot_v0.2
pinch_haptic_1back_20260814_114109,,matrix-only,only-matrix-5,up,4,20,1177468.0,1193828.0,wrist,ud,up,-0.043369577861168795,0.0003149334020815242,0.06009779148023482,-0.04313901454548033,-0.04313901454548033,up,1178718.0,1250.0,0.18040304858793363,0.22377262644910242,1179015.0,1297.0,True,1178718.0,1250.0,True,down,1180015.0,2547.0,-0.20040963783190452,0.15704005997073572,1180484.0,up,1360.0,True,clean,complete,,pilot_v0.2
pinch_haptic_1back_20260814_114109,,matrix-only,only-matrix-5,down,5,27,1193828.0,1210031.0,wrist,ud,down,-0.16236265033591737,0.00040692566426081545,0.056416859997187,-0.1610375348965064,-0.16100894302427943,down,1195312.0,1484.0,-0.5454307114014328,0.3830680610655155,1195625.0,1109.0,True,1195312.0,1484.0,True,up,1196421.0,2593.0,0.00713258903446299,0.16949523937038036,1207812.0,down,1484.0,True,clean,complete,,pilot_v0.2
pinch_haptic_1back_20260814_114109,,matrix-only,only-matrix-5,slip,6,34,1210031.0,1225281.0,pinch,pinch_closure,pinch,0.6337792557184204,7.482255396373816e-05,0.07324414885631592,0.63332058292032,0.6331674615219763,pinch,1211281.0,1250.0,1.0122358036685721,0.3784565479501517,1211484.0,,True,1211281.0,1250.0,False,,,,,,,pinch,1234.0,True,clean,complete,,pilot_v0.2
pinch_haptic_1back_20260814_114409,,matrix-only,only-matrix-6,left,2,8,1326359.0,1336609.0,wrist,lr,left,-0.011580891006610465,0.00030176155068680453,0.058357847507297236,-0.013211159533200503,-0.013211159533200503,left,1327500.0,1141.0,0.4234730205610859,0.43505391156769635,1327890.0,812.0,True,1327500.0,1141.0,True,right,1328312.0,1953.0,-0.10008859246559115,0.08850770145898068,1328578.0,left,1234.0,True,clean,complete,,pilot_v0.2
pinch_haptic_1back_20260814_114409,,matrix-only,only-matrix-6,left,3,13,1336609.0,1351968.0,wrist,lr,left,-0.0686730194873336,0.001322733937580936,0.046939421811152605,-0.07080360891237947,-0.07080360891237947,left,1339000.0,2391.0,0.43470753200789203,0.5033805514952256,1339375.0,671.0,True,1339000.0,2391.0,True,right,1339671.0,3062.0,-0.1947737079770467,0.12610068848971312,1339781.0,left,2562.0,True,clean,complete,,pilot_v0.2
pinch_haptic_1back_20260814_114409,,matrix-only,only-matrix-6,right,4,20,1351968.0,1366312.0,wrist,lr,right,-0.12378867019398618,0.0002891587572470544,0.0359162916698221,-0.12450779767322237,-0.1245980255534577,right,1352937.0,969.0,-0.7774237055784694,0.6536350353844832,1353421.0,1031.0,True,1352937.0,969.0,True,left,1353968.0,2000.0,0.016684205338797768,0.14047287553278395,1354187.0,right,969.0,True,clean,complete,,pilot_v0.2
pinch_haptic_1back_20260814_114409,,matrix-only,only-matrix-6,up,5,27,1366312.0,1382421.0,wrist,ud,up,-0.19408612804116168,0.0014188852245398398,0.06627100661595822,-0.19245331048898073,-0.19231416836968415,up,1367515.0,1203.0,0.1803144131850571,0.3744005412262188,1367921.0,,True,1367515.0,1203.0,False,,,,,,,up,1359.0,True,clean,complete,,pilot_v0.2
pinch_haptic_1back_20260814_114409,,matrix-only,only-matrix-6,down,6,34,1382421.0,1395671.0,wrist,ud,down,-0.21648839951394136,0.00036333056447707124,0.06573367546947473,-0.21589230192412345,-0.21588403284438748,up,1383890.0,1469.0,-0.05768894950531999,0.15879945000862136,1384453.0,,False,,,False,,,,,,,,,,contaminated,not_applicable,no_stable_wrist_action_before_next_cue,pilot_v0.2
