session_id,participant_id,condition,plan_id,event_name,event_position,emit_trial_number,response_source,expected_response,cue_onset_ms,next_cue_onset_ms,response_onset_ms,response_rt_ms,first_response_onset_ms,first_response_rt_ms,correct_response_onset_ms,correct_response_rt_ms,first_response,first_response_correct,was_corrected,correction_time_ms,eventual_correct,response_end_ms,full_cycle_ms,response_quality,response_quality_reason,cycle_quality,cycle_quality_reason,trial_quality,quality_reason,detector_version,first_wrist_direction,correct_wrist_direction,neutral_return_ms,neutral_return_completion_ms,lr_score_at_onset,ud_score_at_onset,old_lr_class_at_onset,old_ud_class_at_onset,offline_lr_class_at_onset,offline_ud_class_at_onset,online_gate_passed,old_lr_neutral_lower,old_lr_neutral_upper,old_lr_zero_in_neutral_region,old_ud_neutral_lower,old_ud_neutral_upper,old_ud_zero_in_neutral_region,offline_neutral_centered_gate_passed,lr_neutral_centered_sanity_passed,ud_neutral_centered_sanity_passed,pre_existing_response_at_cue,baseline_closure,baseline_closure_mad,baseline_stability,pinch_onset_ms,pinch_rt_ms,pinch_detected,peak_closure,peak_closure_delta,peak_time_ms,release_onset_ms,release_completion_ms,release_drop,release_detected,return_to_precue_baseline_ms,return_to_precue_baseline_completion_ms,returned_to_precue_baseline
pinch_haptic_1back_20260814_104047,,dual,dual-1,contact,1,1,,,45432312.0,45446343.0,,,,,,,,,,,,,,not_scored,no_s_r_mapping_defined,not_scored,no_s_r_mapping_defined,not_scored,no_s_r_mapping_defined,pilot_v0.2,,,,,,,,,,,,,,,,,,,,,,,,,,,,,,,,,,,,,
pinch_haptic_1back_20260814_104047,,dual,dual-1,slip,2,7,pinch,pinch_then_release,45446343.0,45463515.0,45447843.0,1500.0,45447843.0,1500.0,45447843.0,1500.0,pinch,True,False,,True,45449375.0,3032.0,clean,,complete,,clean,,pilot_v0.2,,,,,,,,,,,,,,,,,,,,,,0.4031573989431446,7.00482389113799e-05,7.00482389113799e-05,45447843.0,1500.0,True,0.884382982904952,0.48122558396180737,45448937.0,45449218.0,45449375.0,0.43468558330397783,True,45449390.0,45449546.0,True
pinch_haptic_1back_20260814_104047,,dual,dual-1,up,3,15,wrist,up,45463515.0,45475000.0,45464890.0,1375.0,45464890.0,1375.0,45464890.0,1375.0,up,True,False,,True,45466203.0,2688.0,clean,,complete,,clean,,pilot_v0.2,up,up,45466046.0,45466203.0,-0.02736276628421703,0.07284201562517996,neutral,up,neutral,neutral,False,-0.18249470626175696,-0.012049379945569247,False,-0.08953980309439484,0.059148776632274594,True,True,True,True,,,,,,,,,,,,,,,,,
pinch_haptic_1back_20260814_104047,,dual,dual-1,right,4,20,wrist,right,45475000.0,45491984.0,45476421.0,1421.0,45476421.0,1421.0,45476421.0,1421.0,right,True,False,,True,45477609.0,2609.0,clean,,complete,,clean,,pilot_v0.2,right,right,45477453.0,45477609.0,-0.03345004069761513,0.043818512849247926,neutral,neutral,neutral,neutral,True,-0.18249470626175696,-0.012049379945569247,False,-0.08953980309439484,0.059148776632274594,True,True,True,True,,,,,,,,,,,,,,,,,
pinch_haptic_1back_20260814_104047,,dual,dual-1,left,5,27,wrist,left,45491984.0,45508406.0,45493031.0,1047.0,45493031.0,1047.0,45493031.0,1047.0,left,True,False,,True,45495593.0,3609.0,clean,,complete,,clean,,pilot_v0.2,left,left,45495437.0,45495593.0,-0.10688298871274461,0.11146320847737595,neutral,up,neutral,neutral,False,-0.18249470626175696,-0.012049379945569247,False,-0.08953980309439484,0.059148776632274594,True,True,True,True,,,,,,,,,,,,,,,,,
pinch_haptic_1back_20260814_104047,,dual,dual-1,left,6,35,wrist,left,45508406.0,45520687.0,45509703.0,1297.0,45509703.0,1297.0,45509703.0,1297.0,left,True,False,,True,45512015.0,3609.0,clean,,complete,,clean,,pilot_v0.2,left,left,45511859.0,45512015.0,-0.10641900947382181,0.06975165405240474,neutral,up,neutral,neutral,False,-0.18249470626175696,-0.012049379945569247,False,-0.08953980309439484,0.059148776632274594,True,True,True,True,,,,,,,,,,,,,,,,,
pinch_haptic_1back_20260814_104047,,dual,dual-1,release,7,40,,,45520687.0,,,,,,,,,,,,,,,not_scored,no_s_r_mapping_defined,not_scored,no_s_r_mapping_defined,not_scored,no_s_r_mapping_defined,pilot_v0.2,,,,,,,,,,,,,,,,,,,,,,,,,,,,,,,,,,,,,
pinch_haptic_1back_20260814_104606,,dual,dual-2,contact,1,1,,,45711390.0,45723031.0,,,,,,,,,,,,,,not_scored,no_s_r_mapping_defined,not_scored,no_s_r_mapping_defined,not_scored,no_s_r_mapping_defined,pilot_v0.2,,,,,,,,,,,,,,,,,,,,,,,,,,,,,,,,,,,,,
pinch_haptic_1back_20260814_104606,,dual,dual-2,down,2,6,wrist,down,45723031.0,45736750.0,45724640.0,1609.0,45724640.0,1609.0,45724640.0,1609.0,down,True,False,,True,45725484.0,2453.0,clean,,complete,,clean,,pilot_v0.2,down,down,45725328.0,45725484.0,0.056516003094751084,0.011309050714920145,neutral,neutral,neutral,neutral,True,-0.12812762996365706,0.06991611492128724,True,-0.10193059756242685,0.07223479686096586,True,True,True,True,,,,,,,,,,,,,,,,,
pinch_haptic_1back_20260814_104606,,dual,dual-2,right,3,13,wrist,right,45736750.0,45752250.0,45737828.0,1078.0,45737828.0,1078.0,45737828.0,1078.0,right,True,False,,True,45738750.0,2000.0,clean,,complete,,clean,,pilot_v0.2,right,right,45738593.0,45738750.0,-0.03358095795267332,0.07215460613902011,neutral,neutral,neutral,neutral,True,-0.12812762996365706,0.06991611492128724,True,-0.10193059756242685,0.07223479686096586,True,True,True,True,,,,,,,,,,,,,,,,,
pinch_haptic_1back_20260814_104606,,dual,dual-2,left,4,20,wrist,left,45752250.0,45768234.0,45753453.0,1203.0,45753453.0,1203.0,45753453.0,1203.0,left,True,False,,True,45755171.0,2921.0,clean,,complete,,clean,,pilot_v0.2,left,left,45755015.0,45755171.0,-0.06603557498280262,0.04077202112295689,neutral,neutral,neutral,neutral,True,-0.12812762996365706,0.06991611492128724,True,-0.10193059756242685,0.07223479686096586,True,True,True,True,,,,,,,,,,,,,,,,,
pinch_haptic_1back_20260814_104606,,dual,dual-2,up,5,27,wrist,up,45768234.0,45783640.0,,,45770140.0,1906.0,,,down,False,False,,False,,,contaminated,no_correct_wrist_action_before_next_cue,not_applicable,no_correct_wrist_action_before_next_cue,contaminated,no_correct_wrist_action_before_next_cue,pilot_v0.2,down,,,,0.007945045741829707,-0.021370089695770676,neutral,neutral,neutral,neutral,True,-0.12812762996365706,0.06991611492128724,True,-0.10193059756242685,0.07223479686096586,True,True,True,True,,,,,,,,,,,,,,,,,
pinch_haptic_1back_20260814_104606,,dual,dual-2,down,6,34,wrist,down,45783640.0,45797843.0,45784984.0,1344.0,45784984.0,1344.0,45784984.0,1344.0,down,True,False,,True,45790984.0,7344.0,clean,,complete,,clean,,pilot_v0.2,down,down,45790828.0,45790984.0,0.008416474888453967,0.04404240786774333,neutral,neutral,neutral,neutral,True,-0.12812762996365706,0.06991611492128724,True,-0.10193059756242685,0.07223479686096586,True,True,True,True,,,,,,,,,,,,,,,,,
pinch_haptic_1back_20260814_104606,,dual,dual-2,release,7,40,,,45797843.0,,,,,,,,,,,,,,,not_scored,no_s_r_mapping_defined,not_scored,no_s_r_mapping_defined,not_scored,no_s_r_mapping_defined,pilot_v0.2,,,,,,,,,,,,,,,,,,,,,,,,,,,,,,,,,,,,,
pinch_haptic_1back_20260814_104938,,dual,dual-3,contact,1,2,,,45998328.0,46010156.0,,,,,,,,,,,,,,not_scored,no_s_r_mapping_defined,not_scored,no_s_r_mapping_defined,not_scored,no_s_r_mapping_defined,pilot_v0.2,,,,,,,,,,,,,,,,,,,,,,,,,,,,,,,,,,,,,
pinch_haptic_1back_20260814_104938,,dual,dual-3,up,2,7,wrist,up,46010156.0,46023421.0,,,46011937.0,1781.0,,,down,False,False,,False,,,contaminated,no_correct_wrist_action_before_next_cue,not_applicable,no_correct_wrist_action_before_next_cue,contaminated,no_correct_wrist_action_before_next_cue,pilot_v0.2,down,,,,-0.02648310221274573,-0.042124056719132934,neutral,neutral,neutral,neutral,True,-0.20822523178925703,0.054882173286688235,True,-0.17703398996546488,0.031549060442356794,True,True,True,True,,,,,,,,,,,,,,,,,
pinch_haptic_1back_20260814_104938,,dual,dual-3,down,3,13,wrist,down,46023421.0,46037921.0,46025218.0,1797.0,46025218.0,1797.0,46025218.0,1797.0,down,True,False,,True,46026062.0,2641.0,clean,,complete,,clean,,pilot_v0.2,down,down,46025906.0,46026062.0,-0.07024329022615619,-0.042226596375394304,neutral,neutral,neutral,neutral,True,-0.20822523178925703,0.054882173286688235,True,-0.17703398996546488,0.031549060442356794,True,True,True,True,,,,,,,,,,,,,,,,,
pinch_haptic_1back_20260814_104938,,dual,dual-3,slip,4,20,pinch,pinch_then_release,46037921.0,46053796.0,46039421.0,1500.0,46039421.0,1500.0,46039421.0,1500.0,pinch,True,False,,True,46040031.0,2110.0,clean,,complete,,clean,,pilot_v0.2,,,,,,,,,,,,,,,,,,,,,,0.4876546872730635,0.00015758987169495198,0.00015758987169495198,46039421.0,1500.0,True,0.7886716591863645,0.301016971913301,46039687.0,46039875.0,46040031.0,0.13989493193210556,True,,,False
pinch_haptic_1back_20260814_104938,,dual,dual-3,right,5,27,wrist,right,46053796.0,46069453.0,46055031.0,1235.0,46055031.0,1235.0,46055031.0,1235.0,right,True,False,,True,46056062.0,2266.0,clean,,complete,,clean,,pilot_v0.2,right,right,46055890.0,46056062.0,-0.03792195328336759,0.0028785982510358115,neutral,neutral,neutral,neutral,True,-0.20822523178925703,0.054882173286688235,True,-0.17703398996546488,0.031549060442356794,True,True,True,True,,,,,,,,,,,,,,,,,
pinch_haptic_1back_20260814_104938,,dual,dual-3,up,6,34,wrist,up,46069453.0,46083531.0,,,46070890.0,1437.0,,,down,False,False,,False,,,contaminated,no_correct_wrist_action_before_next_cue,not_applicable,no_correct_wrist_action_before_next_cue,contaminated,no_correct_wrist_action_before_next_cue,pilot_v0.2,down,,,,-0.158973996094236,0.0033017430334257303,neutral,neutral,neutral,neutral,True,-0.20822523178925703,0.054882173286688235,True,-0.17703398996546488,0.031549060442356794,True,True,True,True,,,,,,,,,,,,,,,,,
pinch_haptic_1back_20260814_104938,,dual,dual-3,release,7,40,,,46083531.0,,,,,,,,,,,,,,,not_scored,no_s_r_mapping_defined,not_scored,no_s_r_mapping_defined,not_scored,no_s_r_mapping_defined,pilot_v0.2,,,,,,,,,,,,,,,,,,,,,,,,,,,,,,,,,,,,,
pinch_haptic_1back_20260814_105504,,dual,dual-4,contact,1,1,,,46246578.0,46259687.0,,,,,,,,,,,,,,not_scored,no_s_r_mapping_defined,not_scored,no_s_r_mapping_defined,not_scored,no_s_r_mapping_defined,pilot_v0.2,,,,,,,,,,,,,,,,,,,,,,,,,,,,,,,,,,,,,
pinch_haptic_1back_20260814_105504,,dual,dual-4,right,2,7,wrist,right,46259687.0,46273078.0,46260796.0,1109.0,46260796.0,1109.0,46260796.0,1109.0,right,True,False,,True,46261625.0,1938.0,clean,,complete,,clean,,pilot_v0.2,right,right,46261468.0,46261625.0,0.017174935933223244,-0.11721224122232154,neutral,neutral,neutral,neutral,True,-0.1855620591573893,0.06535252203977523,True,-0.26174460696440993,-0.07990391937261021,False,True,True,True,,,,,,,,,,,,,,,,,
pinch_haptic_1back_20260814_105504,,dual,dual-4,slip,3,13,pinch,pinch_then_release,46273078.0,46289828.0,46274218.0,1140.0,46274218.0,1140.0,46274218.0,1140.0,pinch,True,False,,True,46275156.0,2078.0,clean,,complete,,clean,,pilot_v0.2,,,,,,,,,,,,,,,,,,,,,,0.4311208028919828,0.00028195682868464855,0.00028195682868464855,46274218.0,1140.0,True,0.9824743994480869,0.551353596556104,46274656.0,46275000.0,46275156.0,0.060619951468384836,True,,,False
pinch_haptic_1back_20260814_105504,,dual,dual-4,down,4,20,wrist,down,46289828.0,46303234.0,46291390.0,1562.0,46291390.0,1562.0,46291390.0,1562.0,down,True,False,,True,46292187.0,2359.0,clean,,complete,,clean,,pilot_v0.2,down,down,46292031.0,46292187.0,-0.019483166165594385,-0.07396034515612573,neutral,up,neutral,neutral,False,-0.1855620591573893,0.06535252203977523,True,-0.26174460696440993,-0.07990391937261021,False,True,True,True,,,,,,,,,,,,,,,,,
pinch_haptic_1back_20260814_105504,,dual,dual-4,slip,5,27,pinch,pinch_then_release,46303234.0,46318453.0,46305140.0,1906.0,46305140.0,1906.0,46305140.0,1906.0,pinch,True,False,,True,46306187.0,2953.0,clean,,complete,,clean,,pilot_v0.2,,,,,,,,,,,,,,,,,,,,,,0.5179503357424544,0.0006583830137917857,0.0006583830137917857,46305140.0,1906.0,True,1.0055995262159962,0.4876491904735418,46305609.0,46306015.0,46306187.0,0.34256110820728747,True,46310093.0,46310250.0,True
pinch_haptic_1back_20260814_105504,,dual,dual-4,right,6,34,wrist,right,46318453.0,46332734.0,46319734.0,1281.0,46319734.0,1281.0,46319734.0,1281.0,right,True,False,,True,46320562.0,2109.0,clean,,complete,,clean,,pilot_v0.2,right,right,46320406.0,46320562.0,-0.04461585331713099,-0.072740397860033,neutral,up,neutral,neutral,False,-0.1855620591573893,0.06535252203977523,True,-0.26174460696440993,-0.07990391937261021,False,True,True,True,,,,,,,,,,,,,,,,,
pinch_haptic_1back_20260814_105504,,dual,dual-4,release,7,40,,,46332734.0,,,,,,,,,,,,,,,not_scored,no_s_r_mapping_defined,not_scored,no_s_r_mapping_defined,not_scored,no_s_r_mapping_defined,pilot_v0.2,,,,,,,,,,,,,,,,,,,,,,,,,,,,,,,,,,,,,
pinch_haptic_1back_20260814_105854,,dual,dual-5,contact,1,1,,,46496593.0,46510078.0,,,,,,,,,,,,,,not_scored,no_s_r_mapping_defined,not_scored,no_s_r_mapping_defined,not_scored,no_s_r_mapping_defined,pilot_v0.2,,,,,,,,,,,,,,,,,,,,,,,,,,,,,,,,,,,,,
pinch_haptic_1back_20260814_105854,,dual,dual-5,slip,2,7,pinch,pinch_then_release,46510078.0,46526406.0,46511343.0,1265.0,46511343.0,1265.0,46511343.0,1265.0,pinch,True,False,,True,46512765.0,2687.0,clean,,complete,,clean,,pilot_v0.2,,,,,,,,,,,,,,,,,,,,,,0.5120577924355558,0.0005282427455355343,0.0005282427455355343,46511343.0,1265.0,True,0.9534810803403249,0.44142328790476903,46511859.0,46512593.0,46512765.0,0.2630480553564809,True,,,False
pinch_haptic_1back_20260814_105854,,dual,dual-5,left,3,15,wrist,left,46526406.0,46542171.0,46527625.0,1219.0,46527625.0,1219.0,46527625.0,1219.0,left,True,False,,True,46528671.0,2265.0,clean,,complete,,clean,,pilot_v0.2,left,left,46528515.0,46528671.0,-0.03695316389939543,-0.009751006739995849,right,up,neutral,neutral,False,-0.011420502580022501,0.12216788465505121,True,-0.21836216103877198,-0.030415677454928028,False,True,True,True,,,,,,,,,,,,,,,,,
pinch_haptic_1back_20260814_105854,,dual,dual-5,up,4,22,wrist,up,46542171.0,46557750.0,,,,,,,right,False,False,,,,,contaminated,no_correct_wrist_action_before_next_cue,not_applicable,no_correct_wrist_action_before_next_cue,contaminated,no_correct_wrist_action_before_next_cue,pilot_v0.2,right,,,,-0.1021643431763585,-0.08342898965108383,right,neutral,right,neutral,False,-0.011420502580022501,0.12216788465505121,True,-0.21836216103877198,-0.030415677454928028,False,False,True,True,right,,,,,,,,,,,,,,,,
pinch_haptic_1back_20260814_105854,,dual,dual-5,down,5,28,wrist,down,46557750.0,46571656.0,,,,,,,right,False,False,,,,,contaminated,no_correct_wrist_action_before_next_cue,not_applicable,no_correct_wrist_action_before_next_cue,contaminated,no_correct_wrist_action_before_next_cue,pilot_v0.2,right,,,,-0.10895578967516398,-0.15551101209380533,right,neutral,right,neutral,False,-0.011420502580022501,0.12216788465505121,True,-0.21836216103877198,-0.030415677454928028,False,False,True,True,right,,,,,,,,,,,,,,,,
pinch_haptic_1back_20260814_105854,,dual,dual-5,slip,6,35,pinch,pinch_then_release,46571656.0,46589484.0,46573453.0,1797.0,46573453.0,1797.0,46573453.0,1797.0,pinch,True,False,,True,46573875.0,2219.0,clean,,complete,,clean,,pilot_v0.2,,,,,,,,,,,,,,,,,,,,,,0.6178500844793181,0.00026993338048664217,0.00026993338048664217,46573453.0,1797.0,True,0.8368029066981584,0.21895282221884027,46573609.0,46573718.0,46573875.0,0.12547991789517887,True,46574046.0,46574203.0,True
pinch_haptic_1back_20260814_105854,,dual,dual-5,release,7,43,,,46589484.0,,,,,,,,,,,,,,,not_scored,no_s_r_mapping_defined,not_scored,no_s_r_mapping_defined,not_scored,no_s_r_mapping_defined,pilot_v0.2,,,,,,,,,,,,,,,,,,,,,,,,,,,,,,,,,,,,,
pinch_haptic_1back_20260814_110249,,dual,dual-6,contact,1,1,,,46704437.0,46716312.0,,,,,,,,,,,,,,not_scored,no_s_r_mapping_defined,not_scored,no_s_r_mapping_defined,not_scored,no_s_r_mapping_defined,pilot_v0.2,,,,,,,,,,,,,,,,,,,,,,,,,,,,,,,,,,,,,
pinch_haptic_1back_20260814_110249,,dual,dual-6,left,2,6,wrist,left,46716312.0,46729796.0,46717437.0,1125.0,46717437.0,1125.0,46717437.0,1125.0,left,True,False,,True,46718140.0,1828.0,clean,,complete,,clean,,pilot_v0.2,left,left,46717984.0,46718140.0,-0.02902981022765597,0.01754209291911059,neutral,neutral,neutral,neutral,True,-0.1577357234005204,0.09698505241980443,True,-0.16333964028934203,0.032279963503987236,True,True,True,True,,,,,,,,,,,,,,,,,
pinch_haptic_1back_20260814_110249,,dual,dual-6,left,3,13,wrist,left,46729796.0,46746109.0,46730937.0,1141.0,46730937.0,1141.0,46730937.0,1141.0,left,True,False,,True,46732109.0,2313.0,clean,,complete,,clean,,pilot_v0.2,left,left,46731953.0,46732109.0,-0.062576712973724,-0.11141362982717959,neutral,neutral,neutral,neutral,True,-0.1577357234005204,0.09698505241980443,True,-0.16333964028934203,0.032279963503987236,True,True,True,True,,,,,,,,,,,,,,,,,
pinch_haptic_1back_20260814_110249,,dual,dual-6,right,4,20,wrist,right,46746109.0,46762312.0,46747046.0,937.0,46747046.0,937.0,46747046.0,937.0,right,True,False,,True,46748109.0,2000.0,clean,,complete,,clean,,pilot_v0.2,right,right,46747953.0,46748109.0,-0.11303945414103789,-0.10917960574379768,neutral,neutral,neutral,neutral,True,-0.1577357234005204,0.09698505241980443,True,-0.16333964028934203,0.032279963503987236,True,True,True,True,,,,,,,,,,,,,,,,,
pinch_haptic_1back_20260814_110249,,dual,dual-6,up,5,27,wrist,up,46762312.0,46778765.0,,,46763609.0,1297.0,,,down,False,False,,False,,,contaminated,no_correct_wrist_action_before_next_cue,not_applicable,no_correct_wrist_action_before_next_cue,contaminated,no_correct_wrist_action_before_next_cue,pilot_v0.2,down,,,,-0.06538872620783542,-0.14596287998936813,neutral,neutral,neutral,neutral,True,-0.1577357234005204,0.09698505241980443,True,-0.16333964028934203,0.032279963503987236,True,True,True,True,,,,,,,,,,,,,,,,,
pinch_haptic_1back_20260814_110249,,dual,dual-6,down,6,34,wrist,down,46778765.0,46792359.0,46780265.0,1500.0,46780265.0,1500.0,46780265.0,1500.0,down,True,False,,True,46781812.0,3047.0,clean,,complete,,clean,,pilot_v0.2,down,down,46781656.0,46781812.0,-0.12728199873974444,-0.16281451022946428,neutral,neutral,neutral,neutral,True,-0.1577357234005204,0.09698505241980443,True,-0.16333964028934203,0.032279963503987236,True,True,True,True,,,,,,,,,,,,,,,,,
pinch_haptic_1back_20260814_110249,,dual,dual-6,release,7,40,,,46792359.0,,,,,,,,,,,,,,,not_scored,no_s_r_mapping_defined,not_scored,no_s_r_mapping_defined,not_scored,no_s_r_mapping_defined,pilot_v0.2,,,,,,,,,,,,,,,,,,,,,,,,,,,,,,,,,,,,,
pinch_haptic_1back_20260814_111545,,matrix-only,only-matrix-1,contact,1,2,,,47486390.0,47502640.0,,,,,,,,,,,,,,not_scored,no_s_r_mapping_defined,not_scored,no_s_r_mapping_defined,not_scored,no_s_r_mapping_defined,pilot_v0.2,,,,,,,,,,,,,,,,,,,,,,,,,,,,,,,,,,,,,
pinch_haptic_1back_20260814_111545,,matrix-only,only-matrix-1,slip,2,9,pinch,pinch_then_release,47502640.0,47518453.0,47504125.0,1485.0,47504125.0,1485.0,47504125.0,1485.0,pinch,True,False,,True,47504765.0,2125.0,clean,,complete,,clean,,pilot_v0.2,,,,,,,,,,,,,,,,,,,,,,0.44428793928521393,0.001075697240600637,0.001075697240600637,47504125.0,1485.0,True,0.8918006216343799,0.44751268234916597,47504406.0,47504609.0,47504765.0,0.0570104921947443,True,,,False
pinch_haptic_1back_20260814_111545,,matrix-only,only-matrix-1,up,3,17,wrist,up,47518453.0,47534750.0,,,47520609.0,2156.0,,,down,False,False,,False,,,contaminated,no_correct_wrist_action_before_next_cue,not_applicable,no_correct_wrist_action_before_next_cue,contaminated,no_correct_wrist_action_before_next_cue,pilot_v0.2,down,,,,-0.0812648834047816,0.008442578767647445,neutral,up,neutral,neutral,False,-0.15569459363061272,0.049915935845434925,True,-0.22215072870264552,-0.025791273751725075,False,True,True,True,,,,,,,,,,,,,,,,,
pinch_haptic_1back_20260814_111545,,matrix-only,only-matrix-1,right,4,24,wrist,right,47534750.0,47549625.0,47535968.0,1218.0,47535968.0,1218.0,47535968.0,1218.0,right,True,False,,True,47537187.0,2437.0,clean,,complete,,clean,,pilot_v0.2,right,right,47537031.0,47537187.0,-0.13081826624527146,0.03556518919719742,neutral,up,neutral,neutral,False,-0.15569459363061272,0.049915935845434925,True,-0.22215072870264552,-0.025791273751725075,False,True,True,True,,,,,,,,,,,,,,,,,
pinch_haptic_1back_20260814_111545,,matrix-only,only-matrix-1,left,5,31,wrist,left,47549625.0,47565015.0,47550937.0,1312.0,47550937.0,1312.0,47550937.0,1312.0,left,True,False,,True,,,clean,,incomplete_return,neutral_return_not_detected_before_next_cue,clean,,pilot_v0.2,left,left,,,-0.19635063135296382,0.009962270119322436,right,up,neutral,neutral,False,-0.15569459363061272,0.049915935845434925,True,-0.22215072870264552,-0.025791273751725075,False,True,True,True,,,,,,,,,,,,,,,,,
pinch_haptic_1back_20260814_111545,,matrix-only,only-matrix-1,left,6,38,wrist,left,47565015.0,47581546.0,47566546.0,1531.0,,,47566546.0,1531.0,right,False,True,1531.0,True,,,recoverable,cue_onset_not_neutral_by_offline_classifier,incomplete_return,neutral_return_not_detected_before_next_cue,recoverable,cue_onset_not_neutral_by_offline_classifier,pilot_v0.2,right,left,,,-0.26294068080506283,-0.09948783547243102,right,neutral,right,neutral,False,-0.15569459363061272,0.049915935845434925,True,-0.22215072870264552,-0.025791273751725075,False,False,True,True,right,,,,,,,,,,,,,,,,
pinch_haptic_1back_20260814_111545,,matrix-only,only-matrix-1,release,7,45,,,47581546.0,,,,,,,,,,,,,,,not_scored,no_s_r_mapping_defined,not_scored,no_s_r_mapping_defined,not_scored,no_s_r_mapping_defined,pilot_v0.2,,,,,,,,,,,,,,,,,,,,,,,,,,,,,,,,,,,,,
pinch_haptic_1back_20260814_113122,,matrix-only,only-matrix-2,contact,1,1,,,553406.0,570187.0,,,,,,,,,,,,,,not_scored,no_s_r_mapping_defined,not_scored,no_s_r_mapping_defined,not_scored,no_s_r_mapping_defined,pilot_v0.2,,,,,,,,,,,,,,,,,,,,,,,,,,,,,,,,,,,,,
pinch_haptic_1back_20260814_113122,,matrix-only,only-matrix-2,down,2,8,wrist,down,570187.0,584546.0,571531.0,1344.0,571531.0,1344.0,571531.0,1344.0,down,True,False,,True,572250.0,2063.0,clean,,complete,,clean,,pilot_v0.2,down,down,572093.0,572250.0,0.015549603153915391,-0.03710072559130386,neutral,up,neutral,neutral,False,-0.19453327417983193,0.10296527682126447,True,-0.26771647434865775,-0.04259150660376047,False,True,True,True,,,,,,,,,,,,,,,,,
pinch_haptic_1back_20260814_113122,,matrix-only,only-matrix-2,right,3,15,wrist,right,584546.0,594640.0,585687.0,1141.0,585687.0,1141.0,585687.0,1141.0,right,True,False,,True,586531.0,1985.0,clean,,complete,,clean,,pilot_v0.2,right,right,586375.0,586531.0,0.02339643887767185,0.012962642010974221,neutral,up,neutral,neutral,False,-0.19453327417983193,0.10296527682126447,True,-0.26771647434865775,-0.04259150660376047,False,True,True,True,,,,,,,,,,,,,,,,,
pinch_haptic_1back_20260814_113122,,matrix-only,only-matrix-2,left,4,20,wrist,left,594640.0,610859.0,595687.0,1047.0,595687.0,1047.0,595687.0,1047.0,left,True,False,,True,596828.0,2188.0,clean,,complete,,clean,,pilot_v0.2,left,left,596671.0,596828.0,0.008992849828873111,-0.07550926648157212,neutral,neutral,neutral,neutral,True,-0.19453327417983193,0.10296527682126447,True,-0.26771647434865775,-0.04259150660376047,False,True,True,True,,,,,,,,,,,,,,,,,
pinch_haptic_1back_20260814_113122,,matrix-only,only-matrix-2,up,5,27,wrist,up,610859.0,626921.0,612781.0,1922.0,612781.0,1922.0,612781.0,1922.0,up,True,False,,True,613578.0,2719.0,clean,,complete,,clean,,pilot_v0.2,up,up,613421.0,613578.0,-0.07017346463950233,-0.051105160825541125,neutral,neutral,neutral,neutral,True,-0.19453327417983193,0.10296527682126447,True,-0.26771647434865775,-0.04259150660376047,False,True,True,True,,,,,,,,,,,,,,,,,
pinch_haptic_1back_20260814_113122,,matrix-only,only-matrix-2,down,6,34,wrist,down,626921.0,643531.0,628484.0,1563.0,628484.0,1563.0,628484.0,1563.0,down,True,False,,True,629500.0,2579.0,clean,,complete,,clean,,pilot_v0.2,down,down,629343.0,629500.0,-0.04215892922586578,-0.15839773059743412,neutral,neutral,neutral,neutral,True,-0.19453327417983193,0.10296527682126447,True,-0.26771647434865775,-0.04259150660376047,False,True,True,True,,,,,,,,,,,,,,,,,
pinch_haptic_1back_20260814_113122,,matrix-only,only-matrix-2,release,7,41,,,643531.0,,,,,,,,,,,,,,,not_scored,no_s_r_mapping_defined,not_scored,no_s_r_mapping_defined,not_scored,no_s_r_mapping_defined,pilot_v0.2,,,,,,,,,,,,,,,,,,,,,,,,,,,,,,,,,,,,,
pinch_haptic_1back_20260814_113447,,matrix-only,only-matrix-3,contact,1,1,,,763718.0,777078.0,,,,,,,,,,,,,,not_scored,no_s_r_mapping_defined,not_scored,no_s_r_mapping_defined,not_scored,no_s_r_mapping_defined,pilot_v0.2,,,,,,,,,,,,,,,,,,,,,,,,,,,,,,,,,,,,,
pinch_haptic_1back_20260814_113447,,matrix-only,only-matrix-3,up,2,7,wrist,up,777078.0,788953.0,778500.0,1422.0,778500.0,1422.0,778500.0,1422.0,up,True,False,,True,779625.0,2547.0,clean,,complete,,clean,,pilot_v0.2,up,up,779468.0,779625.0,-0.042563110206807614,-0.009311681936374811,neutral,up,neutral,neutral,False,-0.22234495659377035,0.07200356280549053,True,-0.20937160088065065,-0.03002477103285324,False,True,True,True,,,,,,,,,,,,,,,,,
pinch_haptic_1back_20260814_113447,,matrix-only,only-matrix-3,down,3,13,wrist,down,788953.0,804609.0,790734.0,1781.0,790734.0,1781.0,790734.0,1781.0,down,True,False,,True,791890.0,2937.0,clean,,complete,,clean,,pilot_v0.2,down,down,791734.0,791890.0,-0.0810383363678126,-0.14217160779412868,neutral,neutral,neutral,neutral,True,-0.22234495659377035,0.07200356280549053,True,-0.20937160088065065,-0.03002477103285324,False,True,True,True,,,,,,,,,,,,,,,,,
pinch_haptic_1back_20260814_113447,,matrix-only,only-matrix-3,slip,4,20,pinch,pinch_then_release,804609.0,820875.0,805843.0,1234.0,805843.0,1234.0,805843.0,1234.0,pinch,True,False,,True,806375.0,1766.0,clean,,complete,,clean,,pilot_v0.2,,,,,,,,,,,,,,,,,,,,,,0.5722504191947495,0.0005442876602844149,0.0005442876602844149,805843.0,1234.0,True,0.9449083009342321,0.37265788173948255,806140.0,806218.0,806375.0,0.06575902366862263,True,807078.0,807234.0,True
pinch_haptic_1back_20260814_113447,,matrix-only,only-matrix-3,right,5,27,wrist,right,820875.0,835984.0,822218.0,1343.0,822218.0,1343.0,822218.0,1343.0,right,True,False,,True,823078.0,2203.0,clean,,complete,,clean,,pilot_v0.2,right,right,822921.0,823078.0,-0.04218931037373995,-0.014066794337174638,neutral,up,neutral,neutral,False,-0.22234495659377035,0.07200356280549053,True,-0.20937160088065065,-0.03002477103285324,False,True,True,True,,,,,,,,,,,,,,,,,
pinch_haptic_1back_20260814_113447,,matrix-only,only-matrix-3,up,6,34,wrist,up,835984.0,849500.0,837406.0,1422.0,837406.0,1422.0,837406.0,1422.0,up,True,False,,True,838406.0,2422.0,clean,,complete,,clean,,pilot_v0.2,up,up,838250.0,838406.0,-0.04511648846789325,-0.04190525242796038,neutral,neutral,neutral,neutral,True,-0.22234495659377035,0.07200356280549053,True,-0.20937160088065065,-0.03002477103285324,False,True,True,True,,,,,,,,,,,,,,,,,
pinch_haptic_1back_20260814_113447,,matrix-only,only-matrix-3,release,7,40,,,849500.0,,,,,,,,,,,,,,,not_scored,no_s_r_mapping_defined,not_scored,no_s_r_mapping_defined,not_scored,no_s_r_mapping_defined,pilot_v0.2,,,,,,,,,,,,,,,,,,,,,,,,,,,,,,,,,,,,,
pinch_haptic_1back_20260814_113756,,matrix-only,only-matrix-4,contact,1,1,,,954531.0,966890.0,,,,,,,,,,,,,,not_scored,no_s_r_mapping_defined,not_scored,no_s_r_mapping_defined,not_scored,no_s_r_mapping_defined,pilot_v0.2,,,,,,,,,,,,,,,,,,,,,,,,,,,,,,,,,,,,,
pinch_haptic_1back_20260814_113756,,matrix-only,only-matrix-4,right,2,7,wrist,right,966890.0,980234.0,967937.0,1047.0,967937.0,1047.0,967937.0,1047.0,right,True,False,,True,968734.0,1844.0,clean,,complete,,clean,,pilot_v0.2,right,right,968578.0,968734.0,0.009959454458430023,-0.01588114633087149,neutral,neutral,neutral,neutral,True,-0.06985825668765533,0.21386783970692003,True,-0.17453963304864425,0.009831424971460473,True,True,True,True,,,,,,,,,,,,,,,,,
pinch_haptic_1back_20260814_113756,,matrix-only,only-matrix-4,slip,3,13,pinch,pinch_then_release,980234.0,995906.0,981500.0,1266.0,981500.0,1266.0,981500.0,1266.0,pinch,True,False,,True,981937.0,1703.0,clean,,complete,,clean,,pilot_v0.2,,,,,,,,,,,,,,,,,,,,,,0.4922245684318246,8.80401031514988e-05,8.80401031514988e-05,981500.0,1266.0,True,0.9541663978627479,0.4619418294309233,981687.0,981781.0,981937.0,0.17513293656529583,True,,,False
pinch_haptic_1back_20260814_113756,,matrix-only,only-matrix-4,down,4,20,wrist,down,995906.0,1011359.0,997343.0,1437.0,997343.0,1437.0,997343.0,1437.0,down,True,False,,True,998406.0,2500.0,clean,,complete,,clean,,pilot_v0.2,down,down,998250.0,998406.0,0.045026931492194,-0.018673988206313986,neutral,neutral,neutral,neutral,True,-0.06985825668765533,0.21386783970692003,True,-0.17453963304864425,0.009831424971460473,True,True,True,True,,,,,,,,,,,,,,,,,
pinch_haptic_1back_20260814_113756,,matrix-only,only-matrix-4,slip,5,27,pinch,pinch_then_release,1011359.0,1027031.0,,,,,,,,False,False,,False,,,no_pinch_increase,no_stable_closure_increase_before_next_cue,not_applicable,no_stable_closure_increase_before_next_cue,no_pinch_increase,no_stable_closure_increase_before_next_cue,pilot_v0.2,,,,,,,,,,,,,,,,,,,,,,0.5233556976733797,0.00017962616778666174,0.00017962616778666174,,,False,0.5421991832273511,0.018843485553971306,1025750.0,,,,False,,,False
pinch_haptic_1back_20260814_113756,,matrix-only,only-matrix-4,right,6,34,wrist,right,1027031.0,1040921.0,1028140.0000000001,1109.0000000001164,1028140.0000000001,1109.0000000001164,1028140.0000000001,1109.0000000001164,right,True,False,,True,1029125.0,2094.0,clean,,complete,,clean,,pilot_v0.2,right,right,1028968.0000000001,1029125.0,-0.03411760817885069,-0.00489034029553902,neutral,neutral,neutral,neutral,True,-0.06985825668765533,0.21386783970692003,True,-0.17453963304864425,0.009831424971460473,True,True,True,True,,,,,,,,,,,,,,,,,
pinch_haptic_1back_20260814_113756,,matrix-only,only-matrix-4,release,7,40,,,1040921.0,,,,,,,,,,,,,,,not_scored,no_s_r_mapping_defined,not_scored,no_s_r_mapping_defined,not_scored,no_s_r_mapping_defined,pilot_v0.2,,,,,,,,,,,,,,,,,,,,,,,,,,,,,,,,,,,,,
pinch_haptic_1back_20260814_114109,,matrix-only,only-matrix-5,contact,1,1,,,1135625.0,1148218.0,,,,,,,,,,,,,,not_scored,no_s_r_mapping_defined,not_scored,no_s_r_mapping_defined,not_scored,no_s_r_mapping_defined,pilot_v0.2,,,,,,,,,,,,,,,,,,,,,,,,,,,,,,,,,,,,,
pinch_haptic_1back_20260814_114109,,matrix-only,only-matrix-5,slip,2,7,pinch,pinch_then_release,1148218.0,1161187.0,1149484.0,1266.0,1149484.0,1266.0,1149484.0,1266.0,pinch,True,False,,True,1150031.0,1813.0,clean,,complete,,clean,,pilot_v0.2,,,,,,,,,,,,,,,,,,,,,,0.6687332510612751,7.059606523396322e-05,7.059606523396322e-05,1149484.0,1266.0,True,1.0181580672821005,0.34942481622082533,1149765.0,1149875.0,1150031.0,0.12689369999704148,True,1150406.0,1150562.0,True
pinch_haptic_1back_20260814_114109,,matrix-only,only-matrix-5,left,3,13,wrist,left,1161187.0,1177468.0,,,1162296.0,1109.0,,,down,False,False,,False,,,contaminated,no_correct_wrist_action_before_next_cue,not_applicable,no_correct_wrist_action_before_next_cue,contaminated,no_correct_wrist_action_before_next_cue,pilot_v0.2,down,,,,-0.037546088833981126,-0.03864647583859503,neutral,neutral,neutral,neutral,True,-0.16377187881439634,0.13628815087451365,True,-0.19889873487020215,0.011571164088355124,True,True,True,True,,,,,,,,,,,,,,,,,
pinch_haptic_1back_20260814_114109,,matrix-only,only-matrix-5,up,4,20,wrist,up,1177468.0,1193828.0,1178828.0,1360.0,1178828.0,1360.0,1178828.0,1360.0,up,True,False,,True,1179828.0,2360.0,clean,,complete,,clean,,pilot_v0.2,up,up,1179671.0,1179828.0,-0.21482252227094098,-0.04313901454548033,right,neutral,neutral,neutral,False,-0.16377187881439634,0.13628815087451365,True,-0.19889873487020215,0.011571164088355124,True,True,True,True,,,,,,,,,,,,,,,,,
pinch_haptic_1back_20260814_114109,,matrix-only,only-matrix-5,down,5,27,wrist,down,1193828.0,1210031.0,1195312.0,1484.0,1195312.0,1484.0,1195312.0,1484.0,down,True,False,,True,1196453.0,2625.0,clean,,complete,,clean,,pilot_v0.2,down,down,1196296.0,1196453.0,-0.11057777666700774,-0.16100894302427943,neutral,neutral,neutral,neutral,True,-0.16377187881439634,0.13628815087451365,True,-0.19889873487020215,0.011571164088355124,True,True,True,True,,,,,,,,,,,,,,,,,
pinch_haptic_1back_20260814_114109,,matrix-only,only-matrix-5,slip,6,34,pinch,pinch_then_release,1210031.0,1225281.0,1211265.0,1234.0,1211265.0,1234.0,1211265.0,1234.0,pinch,True,False,,True,1211781.0,1750.0,clean,,complete,,clean,,pilot_v0.2,,,,,,,,,,,,,,,,,,,,,,0.6337792557184204,7.482255396373816e-05,7.482255396373816e-05,1211265.0,1234.0,True,1.0122358036685721,0.3784565479501517,1211484.0,1211625.0,1211781.0,0.13270524245925708,True,1212500.0,1212656.0,True
pinch_haptic_1back_20260814_114109,,matrix-only,only-matrix-5,release,7,40,,,1225281.0,,,,,,,,,,,,,,,not_scored,no_s_r_mapping_defined,not_scored,no_s_r_mapping_defined,not_scored,no_s_r_mapping_defined,pilot_v0.2,,,,,,,,,,,,,,,,,,,,,,,,,,,,,,,,,,,,,
pinch_haptic_1back_20260814_114409,,matrix-only,only-matrix-6,contact,1,1,,,1311156.0,1326359.0,,,,,,,,,,,,,,not_scored,no_s_r_mapping_defined,not_scored,no_s_r_mapping_defined,not_scored,no_s_r_mapping_defined,pilot_v0.2,,,,,,,,,,,,,,,,,,,,,,,,,,,,,,,,,,,,,
pinch_haptic_1back_20260814_114409,,matrix-only,only-matrix-6,left,2,8,wrist,left,1326359.0,1336609.0,1327593.0,1234.0,1327593.0,1234.0,1327593.0,1234.0,left,True,False,,True,1328328.0,1969.0,clean,,complete,,clean,,pilot_v0.2,left,left,1328171.0,1328328.0,-0.013211159533200503,-0.0237412084201009,neutral,up,neutral,neutral,False,-0.08501518292368909,0.10214619903580308,True,-0.3063077881963345,-0.10158008362635118,False,True,True,True,,,,,,,,,,,,,,,,,
pinch_haptic_1back_20260814_114409,,matrix-only,only-matrix-6,left,3,13,wrist,left,1336609.0,1351968.0,1339171.0,2562.0,1339171.0,2562.0,1339171.0,2562.0,left,True,False,,True,1340093.0,3484.0,clean,,complete,,clean,,pilot_v0.2,left,left,1339937.0,1340093.0,-0.07080360891237947,-0.12199780653993622,neutral,neutral,neutral,neutral,True,-0.08501518292368909,0.10214619903580308,True,-0.3063077881963345,-0.10158008362635118,False,True,True,True,,,,,,,,,,,,,,,,,
pinch_haptic_1back_20260814_114409,,matrix-only,only-matrix-6,right,4,20,wrist,right,1351968.0,1366312.0,1352937.0,969.0,1352937.0,969.0,1352937.0,969.0,right,True,False,,True,1355375.0,3407.0,clean,,complete,,clean,,pilot_v0.2,right,right,1355218.0,1355375.0,-0.1245980255534577,-0.15235473717831288,right,neutral,neutral,neutral,False,-0.08501518292368909,0.10214619903580308,True,-0.3063077881963345,-0.10158008362635118,False,True,True,True,,,,,,,,,,,,,,,,,
pinch_haptic_1back_20260814_114409,,matrix-only,only-matrix-6,up,5,27,wrist,up,1366312.0,1382421.0,1367671.0,1359.0,1367671.0,1359.0,1367671.0,1359.0,up,True,False,,True,1368734.0,2422.0,clean,,complete,,clean,,pilot_v0.2,up,up,1368578.0,1368734.0,-0.042570331701903275,-0.19231416836968415,neutral,neutral,neutral,neutral,True,-0.08501518292368909,0.10214619903580308,True,-0.3063077881963345,-0.10158008362635118,False,True,True,True,,,,,,,,,,,,,,,,,
pinch_haptic_1back_20260814_114409,,matrix-only,only-matrix-6,down,6,34,wrist,down,1382421.0,1395671.0,,,,,,,,,False,,,,,contaminated,no_stable_wrist_action_before_next_cue,not_applicable,no_correct_wrist_action_before_next_cue,contaminated,no_stable_wrist_action_before_next_cue,pilot_v0.2,,,,,-0.13178280070862708,-0.21588403284438748,right,neutral,neutral,neutral,False,-0.08501518292368909,0.10214619903580308,True,-0.3063077881963345,-0.10158008362635118,False,True,True,True,,,,,,,,,,,,,,,,,
pinch_haptic_1back_20260814_114409,,matrix-only,only-matrix-6,release,7,40,,,1395671.0,,,,,,,,,,,,,,,not_scored,no_s_r_mapping_defined,not_scored,no_s_r_mapping_defined,not_scored,no_s_r_mapping_defined,pilot_v0.2,,,,,,,,,,,,,,,,,,,,,,,,,,,,,,,,,,,,,
